Customer ID,Full Name,Date of Purchase,Age,State,MTN Device,Gender,Satisfaction Rate,Customer Review,Customer Tenure in months,Subscription Plan,Unit Price,Number of Times Purchased,Total Revenue,Data Usage,Customer  Response,Customer  Status,Reasons for Churn
CUST0001,Ngozi Berry,25-Jan,27,Kwara,4G Router,Male,2,Fair,2,165GB Monthly Plan,35000,19,665000,44.48,Yes,Churn,Relocation
CUST0002,Zainab Baker,25-Mar,16,Abuja (FCT),Mobile SIM Card,Female,2,Fair,22,12.5GB Monthly Plan,5500,12,66000,19.79,Yes,Churn,Better Offers from Competitors
CUST0003,Saidu Evans,25-Mar,21,Sokoto,5G Broadband Router,Male,1,Poor,60,150GB FUP Monthly Unlimited,20000,8,160000,9.64,No,Active,
CUST0003,Saidu Evans,25-Mar,21,Sokoto,Mobile SIM Card,Male,1,Poor,60,1GB+1.5mins Daily Plan,500,8,4000,197.05,No,Active,
CUST0003,Saidu Evans,25-Mar,21,Sokoto,Broadband MiFi,Male,1,Poor,60,30GB Monthly Broadband Plan,9000,15,135000,76.34,No,Active,
CUST0004,Ejiro Walker,25-Mar,36,Gombe,4G Router,Female,1,Poor,14,10GB+10mins Monthly Plan,4500,9,40500,92.72,No,Active,
CUST0005,Nura Mann,25-Jan,57,Oyo,4G Router,Male,3,Good,53,25GB Monthly Plan,9000,16,144000,42.92,No,Active,
CUST0006,Tamuno Lewis,25-Feb,74,Plateau,Mobile SIM Card,Female,5,Excellent,9,7GB Monthly Plan,3500,5,17500,44.25,No,Active,
CUST0006,Tamuno Lewis,25-Feb,74,Plateau,5G Broadband Router,Female,5,Excellent,9,1.5TB Yearly Broadband Plan,150000,2,300000,18.64,No,Active,
CUST0006,Tamuno Lewis,25-Feb,74,Plateau,4G Router,Female,5,Excellent,9,65GB Monthly Plan,16000,6,96000,30.99,No,Active,
CUST0007,Boma Stewart,25-Mar,24,Jigawa,Broadband MiFi,Female,5,Excellent,39,120GB Monthly Broadband Plan,24000,11,264000,150.3,Yes,Churn,Relocation
CUST0008,Ifeanyi Park,25-Jan,53,Kwara,Broadband MiFi,Male,3,Good,30,300GB FUP Monthly Unlimited,30000,17,510000,168.41,No,Active,
CUST0009,Bala Robbins,25-Jan,35,Gombe,Broadband MiFi,Male,5,Excellent,35,300GB FUP Monthly Unlimited,30000,10,300000,175.81,No,Active,
CUST0010,Halima Ochoa,25-Mar,23,Imo,4G Router,Male,1,Poor,6,10GB+10mins Monthly Plan,4500,20,90000,53.38,No,Active,
CUST0010,Halima Ochoa,25-Mar,23,Imo,Broadband MiFi,Male,1,Poor,6,60GB Monthly Broadband Plan,14500,18,261000,192.89,No,Active,
CUST0010,Halima Ochoa,25-Mar,23,Imo,Mobile SIM Card,Male,1,Poor,6,500MB Daily Plan,350,13,4550,142.73,No,Active,
CUST0011,Ejiro Griffith,25-Feb,72,Bauchi,4G Router,Female,2,Fair,8,65GB Monthly Plan,16000,2,32000,14.66,Yes,Churn,Poor Network
CUST0011,Ejiro Griffith,25-Feb,72,Bauchi,5G Broadband Router,Female,2,Fair,8,60GB Monthly Broadband Plan,14500,2,29000,13.95,Yes,Churn,Poor Network
CUST0011,Ejiro Griffith,25-Feb,72,Bauchi,Broadband MiFi,Female,2,Fair,8,300GB FUP Monthly Unlimited,30000,8,240000,14.64,Yes,Churn,Poor Network
CUST0012,Zainab Morton,25-Mar,78,Ondo,4G Router,Male,2,Fair,47,65GB Monthly Plan,16000,12,192000,131.97,No,Active,
CUST0012,Zainab Morton,25-Mar,78,Ondo,Broadband MiFi,Male,2,Fair,47,60GB Monthly Broadband Plan,14500,2,29000,82.51,No,Active,
CUST0013,Ngozi Moreno,25-Jan,23,Kebbi,4G Router,Female,2,Fair,52,10GB+10mins Monthly Plan,4500,8,36000,56.07,Yes,Churn,Relocation
CUST0013,Ngozi Moreno,25-Jan,23,Kebbi,Mobile SIM Card,Female,2,Fair,52,3.2GB 2-Day Plan,1000,18,18000,88.9,Yes,Churn,Relocation
CUST0014,Ngozi Crawford,25-Feb,22,Adamawa,4G Router,Male,2,Fair,6,65GB Monthly Plan,16000,1,16000,33.35,No,Active,
CUST0014,Ngozi Crawford,25-Feb,22,Adamawa,Mobile SIM Card,Male,2,Fair,6,20GB Monthly Plan,7500,15,112500,53.41,No,Active,
CUST0015,Abubakar Garner,25-Mar,70,Yobe,Broadband MiFi,Male,2,Fair,13,30GB Monthly Broadband Plan,9000,16,144000,10.5,No,Active,
CUST0015,Abubakar Garner,25-Mar,70,Yobe,5G Broadband Router,Male,2,Fair,13,300GB FUP Monthly Unlimited,30000,17,510000,11.85,No,Active,
CUST0015,Abubakar Garner,25-Mar,70,Yobe,4G Router,Male,2,Fair,13,65GB Monthly Plan,16000,3,48000,170.34,No,Active,
CUST0016,Kunle Ford,25-Feb,46,Kebbi,Broadband MiFi,Male,5,Excellent,57,300GB FUP Monthly Unlimited,30000,11,330000,41.25,No,Active,
CUST0016,Kunle Ford,25-Feb,46,Kebbi,4G Router,Male,5,Excellent,57,10GB+10mins Monthly Plan,4500,5,22500,53.49,No,Active,
CUST0016,Kunle Ford,25-Feb,46,Kebbi,5G Broadband Router,Male,5,Excellent,57,120GB Monthly Broadband Plan,24000,3,72000,91.72,No,Active,
CUST0017,Tunde Hayes,25-Feb,74,Anambra,4G Router,Male,5,Excellent,35,25GB Monthly Plan,9000,15,135000,57.35,Yes,Churn,Costly Data Plans
CUST0018,David Fletcher,25-Mar,54,Bauchi,5G Broadband Router,Male,1,Poor,43,150GB FUP Monthly Unlimited,20000,18,360000,178,No,Active,
CUST0019,Obinna Wright,25-Mar,50,Cross River,Mobile SIM Card,Male,2,Fair,46,2.5GB 2-Day Plan,900,14,12600,18.91,No,Active,
CUST0019,Obinna Wright,25-Mar,50,Cross River,4G Router,Male,2,Fair,46,25GB Monthly Plan,9000,11,99000,9.3,No,Active,
CUST0020,Amaka Reed,25-Mar,49,Abuja (FCT),4G Router,Female,5,Excellent,36,25GB Monthly Plan,9000,5,45000,116.71,Yes,Churn,Poor Network
CUST0020,Amaka Reed,25-Mar,49,Abuja (FCT),5G Broadband Router,Female,5,Excellent,36,450GB 3-Month Broadband Plan,75000,10,750000,25.93,Yes,Churn,Poor Network
CUST0020,Amaka Reed,25-Mar,49,Abuja (FCT),Broadband MiFi,Female,5,Excellent,36,300GB FUP Monthly Unlimited,30000,2,60000,179.85,Yes,Churn,Poor Network
CUST0021,Oghene Brown,25-Mar,42,Imo,Mobile SIM Card,Male,5,Excellent,23,10GB+10mins Monthly Plan,4500,1,4500,176.34,No,Active,
CUST0022,Shehu Ferguson,25-Feb,58,Kogi,Mobile SIM Card,Male,1,Poor,18,500MB Daily Plan,350,15,5250,40.31,No,Active,
CUST0023,Oghene Vazquez,25-Feb,55,Osun,5G Broadband Router,Male,4,Very Good,2,200GB Monthly Broadband Plan,25000,13,325000,128.48,No,Active,
CUST0024,David Johnson,25-Mar,58,Kano,Broadband MiFi,Male,2,Fair,57,120GB Monthly Broadband Plan,24000,11,264000,87.2,No,Active,
CUST0024,David Johnson,25-Mar,58,Kano,Mobile SIM Card,Male,2,Fair,57,20GB Monthly Plan,7500,17,127500,121.44,No,Active,
CUST0025,Ifeanyi Brown,25-Mar,65,Benue,4G Router,Female,1,Poor,3,65GB Monthly Plan,16000,11,176000,189.8,No,Active,
CUST0025,Ifeanyi Brown,25-Mar,65,Benue,Mobile SIM Card,Female,1,Poor,3,7GB Monthly Plan,3500,4,14000,132.85,No,Active,
CUST0025,Ifeanyi Brown,25-Mar,65,Benue,5G Broadband Router,Female,1,Poor,3,120GB Monthly Broadband Plan,24000,14,336000,101.67,No,Active,
CUST0026,Ese Simmons,25-Mar,67,Cross River,5G Broadband Router,Male,4,Very Good,13,450GB 3-Month Broadband Plan,75000,1,75000,109.81,No,Active,
CUST0027,Maryam Reyes,25-Mar,52,Ondo,4G Router,Female,4,Very Good,51,10GB+10mins Monthly Plan,4500,10,45000,131.94,No,Active,
CUST0027,Maryam Reyes,25-Mar,52,Ondo,5G Broadband Router,Female,4,Very Good,51,200GB Monthly Broadband Plan,25000,8,200000,19.13,No,Active,
CUST0027,Maryam Reyes,25-Mar,52,Ondo,Mobile SIM Card,Female,4,Very Good,51,1GB+1.5mins Daily Plan,500,7,3500,45.32,No,Active,
CUST0028,Obinna Sanchez,25-Jan,19,Rivers,Mobile SIM Card,Male,4,Very Good,31,10GB+10mins Monthly Plan,4500,5,22500,80.23,No,Active,
CUST0028,Obinna Sanchez,25-Jan,19,Rivers,Mobile SIM Card,Male,4,Very Good,31,2.5GB 2-Day Plan,900,4,3600,178.59,No,Active,
CUST0029,Boma Franco,25-Feb,44,Enugu,5G Broadband Router,Female,1,Poor,4,450GB 3-Month Broadband Plan,75000,18,1350000,166.2,No,Active,
CUST0029,Boma Franco,25-Feb,44,Enugu,4G Router,Female,1,Poor,4,165GB Monthly Plan,35000,16,560000,179.49,No,Active,
CUST0030,Alabo Davis,25-Mar,49,Imo,5G Broadband Router,Female,2,Fair,50,200GB Monthly Broadband Plan,25000,18,450000,64.28,Yes,Churn,Poor Network
CUST0030,Alabo Davis,25-Mar,49,Imo,Broadband MiFi,Female,2,Fair,50,30GB Monthly Broadband Plan,9000,8,72000,28.11,Yes,Churn,Poor Network
CUST0030,Alabo Davis,25-Mar,49,Imo,4G Router,Female,2,Fair,50,165GB Monthly Plan,35000,7,245000,138.94,Yes,Churn,Poor Network
CUST0031,Kunle West,25-Mar,69,Kogi,Mobile SIM Card,Female,4,Very Good,35,2.5GB 2-Day Plan,900,19,17100,171.42,Yes,Churn,Better Offers from Competitors
CUST0031,Kunle West,25-Feb,69,Kogi,5G Broadband Router,Female,4,Very Good,35,450GB 3-Month Broadband Plan,75000,12,900000,95.66,Yes,Churn,Better Offers from Competitors
CUST0032,Maryam Terry,25-Feb,65,Kogi,Mobile SIM Card,Male,3,Good,32,7GB Monthly Plan,3500,13,45500,133.94,No,Active,
CUST0033,Amina Mosley,25-Feb,75,Borno,Broadband MiFi,Male,5,Excellent,59,60GB Monthly Broadband Plan,14500,15,217500,27.57,No,Active,
CUST0034,Shehu Anderson,25-Feb,22,Edo,5G Broadband Router,Female,4,Very Good,21,120GB Monthly Broadband Plan,24000,16,384000,167.06,No,Active,
CUST0034,Shehu Anderson,25-Feb,22,Edo,Mobile SIM Card,Female,4,Very Good,21,65GB Monthly Plan,16000,2,32000,149.93,No,Active,
CUST0035,Oghene Mcguire,25-Jan,44,Kaduna,4G Router,Male,2,Fair,49,165GB Monthly Plan,35000,19,665000,134.06,Yes,Churn,Poor Network
CUST0035,Oghene Mcguire,25-Jan,44,Kaduna,Broadband MiFi,Male,2,Fair,49,150GB FUP Monthly Unlimited,20000,9,180000,93.27,Yes,Churn,Poor Network
CUST0035,Oghene Mcguire,25-Jan,44,Kaduna,5G Broadband Router,Male,2,Fair,49,200GB Monthly Broadband Plan,25000,20,500000,33.97,Yes,Churn,Poor Network
CUST0036,Ifeanyi Randall,25-Jan,36,Abia,Mobile SIM Card,Male,3,Good,38,500MB Daily Plan,350,8,2800,15.66,No,Active,
CUST0036,Ifeanyi Randall,25-Jan,36,Abia,5G Broadband Router,Male,3,Good,38,150GB FUP Monthly Unlimited,20000,10,200000,139.59,No,Active,
CUST0037,Ifeanyi Ruiz,25-Mar,21,Ekiti,Broadband MiFi,Female,1,Poor,43,60GB Monthly Broadband Plan,14500,12,174000,21.56,No,Active,
CUST0037,Ifeanyi Ruiz,25-Mar,21,Ekiti,4G Router,Female,1,Poor,43,165GB Monthly Plan,35000,14,490000,141.61,No,Active,
CUST0038,Shehu Randall,25-Feb,50,Adamawa,Broadband MiFi,Female,5,Excellent,30,300GB FUP Monthly Unlimited,30000,8,240000,176.39,Yes,Churn,Better Offers from Competitors
CUST0039,Zina Green,25-Mar,64,Bayelsa,5G Broadband Router,Male,2,Fair,32,120GB Monthly Broadband Plan,24000,9,216000,176.12,No,Active,
CUST0039,Zina Green,25-Mar,64,Bayelsa,Mobile SIM Card,Male,2,Fair,32,65GB Monthly Plan,16000,7,112000,103.57,No,Active,
CUST0040,Chinedu Ruiz,25-Feb,46,Kogi,Mobile SIM Card,Female,4,Very Good,36,3.2GB 2-Day Plan,1000,13,13000,59.2,No,Active,
CUST0040,Chinedu Ruiz,25-Feb,46,Kogi,Broadband MiFi,Female,4,Very Good,36,150GB FUP Monthly Unlimited,20000,19,380000,61.59,No,Active,
CUST0041,Ejiro Mason,25-Mar,76,Bauchi,5G Broadband Router,Female,3,Good,28,60GB Monthly Broadband Plan,14500,7,101500,24.57,No,Active,
CUST0041,Ejiro Mason,25-Mar,76,Bauchi,Mobile SIM Card,Female,3,Good,28,25GB Monthly Plan,9000,18,162000,24.35,No,Active,
CUST0042,Shehu Hoffman,25-Mar,40,Ondo,4G Router,Female,1,Poor,18,10GB+10mins Monthly Plan,4500,18,81000,60.8,No,Active,
CUST0042,Shehu Hoffman,25-Mar,40,Ondo,Mobile SIM Card,Female,1,Poor,18,1.5GB 2-Day Plan,600,2,1200,55.23,No,Active,
CUST0043,Abubakar Johnson,25-Jan,32,Yobe,5G Broadband Router,Male,5,Excellent,56,30GB Monthly Broadband Plan,9000,16,144000,50.87,Yes,Churn,Fast Data Consumption
CUST0043,Abubakar Johnson,25-Jan,32,Yobe,Broadband MiFi,Male,5,Excellent,56,30GB Monthly Broadband Plan,9000,13,117000,164.51,Yes,Churn,Fast Data Consumption
CUST0044,Grace Walker,25-Mar,25,Oyo,Mobile SIM Card,Male,1,Poor,10,500MB Daily Plan,350,13,4550,155.25,No,Active,
CUST0045,Alabo Thompson,25-Jan,72,Abia,4G Router,Female,5,Excellent,20,10GB+10mins Monthly Plan,4500,3,13500,53.3,No,Active,
CUST0046,Amina Wright,25-Jan,46,Enugu,Mobile SIM Card,Male,4,Very Good,11,500MB Daily Plan,350,10,3500,57.98,No,Active,
CUST0046,Amina Wright,25-Jan,46,Enugu,4G Router,Male,4,Very Good,11,165GB Monthly Plan,35000,8,280000,14.7,No,Active,
CUST0046,Amina Wright,25-Jan,46,Enugu,Broadband MiFi,Male,4,Very Good,11,300GB FUP Monthly Unlimited,30000,19,570000,157.67,No,Active,
CUST0047,Bala Christian,25-Feb,70,Delta,Broadband MiFi,Male,3,Good,42,150GB FUP Monthly Unlimited,20000,20,400000,158.63,No,Active,
CUST0048,Abubakar Gentry,25-Mar,72,Delta,Mobile SIM Card,Female,4,Very Good,45,2.5GB 2-Day Plan,900,11,9900,177.94,No,Active,
CUST0048,Abubakar Gentry,25-Mar,72,Delta,4G Router,Female,4,Very Good,45,25GB Monthly Plan,9000,8,72000,5.66,No,Active,
CUST0048,Abubakar Gentry,25-Mar,72,Delta,Broadband MiFi,Female,4,Very Good,45,120GB Monthly Broadband Plan,24000,1,24000,117.63,No,Active,
CUST0049,Zainab Taylor,25-Feb,21,Enugu,Mobile SIM Card,Female,3,Good,34,12.5GB Monthly Plan,5500,11,60500,69.92,Yes,Churn,Relocation
CUST0049,Zainab Taylor,25-Feb,21,Enugu,Broadband MiFi,Female,3,Good,34,300GB FUP Monthly Unlimited,30000,6,180000,134.19,Yes,Churn,Relocation
CUST0050,Tega Stevens,25-Feb,68,Yobe,5G Broadband Router,Female,5,Excellent,43,150GB FUP Monthly Unlimited,20000,13,260000,194.05,Yes,Churn,Poor Network
CUST0050,Tega Stevens,25-Feb,68,Yobe,4G Router,Female,5,Excellent,43,65GB Monthly Plan,16000,18,288000,131.7,Yes,Churn,Poor Network
CUST0051,Zina Carter,25-Mar,68,Oyo,Mobile SIM Card,Male,5,Excellent,34,1GB+1.5mins Daily Plan,500,10,5000,110.07,No,Active,
CUST0051,Zina Carter,25-Mar,68,Oyo,Broadband MiFi,Male,5,Excellent,34,60GB Monthly Broadband Plan,14500,16,232000,176.23,No,Active,
CUST0051,Zina Carter,25-Mar,68,Oyo,5G Broadband Router,Male,5,Excellent,34,150GB FUP Monthly Unlimited,20000,20,400000,6.26,No,Active,
CUST0052,Halima Johnston,25-Feb,36,Abia,Mobile SIM Card,Male,1,Poor,36,3.2GB 2-Day Plan,1000,5,5000,129.72,Yes,Churn,Better Offers from Competitors
CUST0053,Grace Christensen,25-Feb,53,Zamfara,Mobile SIM Card,Female,4,Very Good,27,500MB Daily Plan,350,17,5950,184.41,Yes,Churn,Relocation
CUST0054,Amaka Potter,25-Mar,24,Akwa Ibom,Mobile SIM Card,Female,1,Poor,22,16.5GB+10mins Monthly Plan,6500,11,71500,97.13,Yes,Churn,Costly Data Plans
CUST0054,Amaka Potter,25-Mar,24,Akwa Ibom,Broadband MiFi,Female,1,Poor,22,120GB Monthly Broadband Plan,24000,13,312000,152.69,Yes,Churn,Costly Data Plans
CUST0054,Amaka Potter,25-Mar,24,Akwa Ibom,Mobile SIM Card,Female,1,Poor,22,165GB Monthly Plan,35000,7,245000,186.6,Yes,Churn,Costly Data Plans
CUST0055,Halima Smith,25-Mar,65,Osun,Mobile SIM Card,Female,4,Very Good,3,1.5GB 2-Day Plan,600,2,1200,99.32,No,Active,
CUST0055,Halima Smith,25-Mar,65,Osun,5G Broadband Router,Female,4,Very Good,3,300GB FUP Monthly Unlimited,30000,19,570000,100.71,No,Active,
CUST0056,Tega Daniels,25-Feb,28,Nasarawa,Mobile SIM Card,Male,1,Poor,34,165GB Monthly Plan,35000,9,315000,156.41,No,Active,
CUST0056,Tega Daniels,25-Feb,28,Nasarawa,Broadband MiFi,Male,1,Poor,34,300GB FUP Monthly Unlimited,30000,13,390000,124.84,No,Active,
CUST0057,Chinedu Davis,25-Feb,58,Adamawa,5G Broadband Router,Female,5,Excellent,21,60GB Monthly Broadband Plan,14500,14,203000,149.48,Yes,Churn,Poor Network
CUST0058,Ngozi Brown,25-Mar,28,Nasarawa,5G Broadband Router,Male,1,Poor,45,200GB Monthly Broadband Plan,25000,5,125000,75.28,Yes,Churn,Better Offers from Competitors
CUST0059,Halima Williams,25-Jan,68,Enugu,4G Router,Male,5,Excellent,12,10GB+10mins Monthly Plan,4500,9,40500,92.5,No,Active,
CUST0059,Halima Williams,25-Jan,68,Enugu,Mobile SIM Card,Male,5,Excellent,12,12.5GB Monthly Plan,5500,1,5500,51.44,No,Active,
CUST0059,Halima Williams,25-Jan,68,Enugu,Broadband MiFi,Male,5,Excellent,12,60GB Monthly Broadband Plan,14500,18,261000,180.29,No,Active,
CUST0060,Amina Payne,25-Mar,25,Nasarawa,5G Broadband Router,Female,4,Very Good,38,450GB 3-Month Broadband Plan,75000,4,300000,170.74,No,Active,
CUST0060,Amina Payne,25-Mar,25,Nasarawa,Broadband MiFi,Female,4,Very Good,38,150GB FUP Monthly Unlimited,20000,12,240000,76.58,No,Active,
CUST0061,Abubakar Ewing,25-Jan,53,Kano,Broadband MiFi,Female,5,Excellent,18,300GB FUP Monthly Unlimited,30000,8,240000,155.26,No,Active,
CUST0061,Abubakar Ewing,25-Jan,53,Kano,5G Broadband Router,Female,5,Excellent,18,200GB Monthly Broadband Plan,25000,7,175000,44.19,No,Active,
CUST0061,Abubakar Ewing,25-Jan,53,Kano,4G Router,Female,5,Excellent,18,25GB Monthly Plan,9000,5,45000,135.71,No,Active,
CUST0062,Ngozi Henson,25-Mar,21,Abia,Mobile SIM Card,Female,2,Fair,3,500MB Daily Plan,350,18,6300,26.87,Yes,Churn,Costly Data Plans
CUST0062,Ngozi Henson,25-Mar,21,Abia,Broadband MiFi,Female,2,Fair,3,300GB FUP Monthly Unlimited,30000,9,270000,106.41,Yes,Churn,Costly Data Plans
CUST0063,Amina Flores,25-Mar,48,Taraba,4G Router,Female,1,Poor,48,10GB+10mins Monthly Plan,4500,13,58500,172.1,No,Active,
CUST0064,Ejiro Ford,25-Jan,27,Kebbi,5G Broadband Router,Male,4,Very Good,17,200GB Monthly Broadband Plan,25000,8,200000,22.12,No,Active,
CUST0064,Ejiro Ford,25-Jan,27,Kebbi,Mobile SIM Card,Male,4,Very Good,17,12.5GB Monthly Plan,5500,18,99000,5.49,No,Active,
CUST0064,Ejiro Ford,25-Jan,27,Kebbi,4G Router,Male,4,Very Good,17,25GB Monthly Plan,9000,8,72000,183.09,No,Active,
CUST0065,Kunle Shaw,25-Feb,75,Abia,Mobile SIM Card,Female,1,Poor,8,3.2GB 2-Day Plan,1000,18,18000,47.34,No,Active,
CUST0065,Kunle Shaw,25-Feb,75,Abia,Broadband MiFi,Female,1,Poor,8,150GB FUP Monthly Unlimited,20000,12,240000,78.03,No,Active,
CUST0066,David Schneider,25-Jan,69,Plateau,Broadband MiFi,Female,4,Very Good,42,300GB FUP Monthly Unlimited,30000,15,450000,43.85,No,Active,
CUST0066,David Schneider,25-Jan,69,Plateau,5G Broadband Router,Female,4,Very Good,42,60GB Monthly Broadband Plan,14500,4,58000,171.16,No,Active,
CUST0067,Ejiro Smith,25-Feb,61,Oyo,Broadband MiFi,Female,1,Poor,18,150GB FUP Monthly Unlimited,20000,20,400000,128.52,No,Active,
CUST0067,Ejiro Smith,25-Feb,61,Oyo,5G Broadband Router,Female,1,Poor,18,30GB Monthly Broadband Plan,9000,11,99000,10.59,No,Active,
CUST0068,Halima Anderson,25-Feb,32,Ondo,5G Broadband Router,Male,5,Excellent,54,300GB FUP Monthly Unlimited,30000,20,600000,157.83,Yes,Churn,Better Offers from Competitors
CUST0069,Tunde Oliver,25-Mar,51,Plateau,4G Router,Male,2,Fair,35,65GB Monthly Plan,16000,8,128000,71.97,Yes,Churn,Better Offers from Competitors
CUST0070,Ese Obrien,25-Feb,18,Enugu,4G Router,Female,4,Very Good,4,10GB+10mins Monthly Plan,4500,4,18000,102.89,No,Active,
CUST0071,Alabo Keith,25-Mar,80,Osun,Broadband MiFi,Male,4,Very Good,47,60GB Monthly Broadband Plan,14500,14,203000,169.54,No,Active,
CUST0072,Ngozi Hernandez,25-Jan,78,Nasarawa,4G Router,Male,3,Good,58,25GB Monthly Plan,9000,19,171000,125.05,No,Active,
CUST0073,Ese Flowers,25-Feb,64,Bauchi,Mobile SIM Card,Female,1,Poor,30,165GB Monthly Plan,35000,8,280000,90.59,No,Active,
CUST0074,Ibim Marshall,25-Jan,59,Sokoto,5G Broadband Router,Female,3,Good,27,1.5TB Yearly Broadband Plan,150000,3,450000,13.89,No,Active,
CUST0074,Ibim Marshall,25-Jan,59,Sokoto,4G Router,Female,3,Good,27,65GB Monthly Plan,16000,12,192000,86.66,No,Active,
CUST0074,Ibim Marshall,25-Jan,59,Sokoto,Broadband MiFi,Female,3,Good,27,150GB FUP Monthly Unlimited,20000,19,380000,111.5,No,Active,
CUST0075,Tega Medina,25-Feb,31,Kogi,5G Broadband Router,Female,1,Poor,56,60GB Monthly Broadband Plan,14500,16,232000,31.37,No,Active,
CUST0075,Tega Medina,25-Feb,31,Kogi,4G Router,Female,1,Poor,56,10GB+10mins Monthly Plan,4500,12,54000,169.53,No,Active,
CUST0075,Tega Medina,25-Feb,31,Kogi,Broadband MiFi,Female,1,Poor,56,120GB Monthly Broadband Plan,24000,9,216000,73.83,No,Active,
CUST0076,Nura Mcneil,25-Feb,70,Kano,5G Broadband Router,Female,3,Good,2,30GB Monthly Broadband Plan,9000,5,45000,36.69,No,Active,
CUST0076,Nura Mcneil,25-Feb,70,Kano,4G Router,Female,3,Good,2,165GB Monthly Plan,35000,1,35000,14.38,No,Active,
CUST0077,Chinedu Pitts,25-Mar,43,Jigawa,5G Broadband Router,Female,2,Fair,30,30GB Monthly Broadband Plan,9000,20,180000,31.54,No,Active,
CUST0077,Chinedu Pitts,25-Mar,43,Jigawa,Mobile SIM Card,Female,2,Fair,30,2.5GB 2-Day Plan,900,9,8100,134.96,No,Active,
CUST0077,Chinedu Pitts,25-Mar,43,Jigawa,Broadband MiFi,Female,2,Fair,30,60GB Monthly Broadband Plan,14500,16,232000,132.56,No,Active,
CUST0078,Alabo Kelly,25-Jan,69,Akwa Ibom,Mobile SIM Card,Male,3,Good,49,1GB+1.5mins Daily Plan,500,13,6500,9.56,No,Active,
CUST0078,Alabo Kelly,25-Jan,69,Akwa Ibom,5G Broadband Router,Male,3,Good,49,30GB Monthly Broadband Plan,9000,10,90000,2.03,No,Active,
CUST0079,Fatima Pennington,25-Jan,33,Edo,Mobile SIM Card,Female,1,Poor,21,165GB Monthly Plan,35000,8,280000,106.75,No,Active,
CUST0079,Fatima Pennington,25-Jan,33,Edo,Broadband MiFi,Female,1,Poor,21,120GB Monthly Broadband Plan,24000,12,288000,111.97,No,Active,
CUST0080,Kunle Williams,25-Feb,66,Rivers,Mobile SIM Card,Female,1,Poor,2,20GB Monthly Plan,7500,13,97500,58.26,No,Active,
CUST0080,Kunle Williams,25-Feb,66,Rivers,5G Broadband Router,Female,1,Poor,2,30GB Monthly Broadband Plan,9000,6,54000,193.26,No,Active,
CUST0080,Kunle Williams,25-Feb,66,Rivers,4G Router,Female,1,Poor,2,165GB Monthly Plan,35000,12,420000,166.49,No,Active,
CUST0081,Chinedu Ortiz,25-Feb,71,Anambra,5G Broadband Router,Male,5,Excellent,28,200GB Monthly Broadband Plan,25000,3,75000,155.93,Yes,Churn,Better Offers from Competitors
CUST0081,Chinedu Ortiz,25-Feb,71,Anambra,Broadband MiFi,Male,5,Excellent,28,120GB Monthly Broadband Plan,24000,17,408000,126.83,Yes,Churn,Better Offers from Competitors
CUST0082,Michael Ortiz,25-Feb,40,Ekiti,4G Router,Female,2,Fair,47,10GB+10mins Monthly Plan,4500,3,13500,152.16,Yes,Churn,Costly Data Plans
CUST0083,Shehu Holt,25-Mar,79,Sokoto,Mobile SIM Card,Female,3,Good,44,1GB+1.5mins Daily Plan,500,19,9500,159.37,Yes,Churn,Poor Network
CUST0083,Shehu Holt,25-Mar,79,Sokoto,5G Broadband Router,Female,3,Good,44,30GB Monthly Broadband Plan,9000,3,27000,70.71,Yes,Churn,Poor Network
CUST0084,Maryam Velez,25-Mar,75,Nasarawa,Mobile SIM Card,Male,3,Good,4,12.5GB Monthly Plan,5500,2,11000,116.28,Yes,Churn,Better Offers from Competitors
CUST0085,Alabo Turner,25-Feb,40,Niger,Broadband MiFi,Female,1,Poor,33,150GB FUP Monthly Unlimited,20000,15,300000,8.31,No,Active,
CUST0085,Alabo Turner,25-Feb,40,Niger,5G Broadband Router,Female,1,Poor,33,1.5TB Yearly Broadband Plan,150000,20,3000000,105.05,No,Active,
CUST0086,Amina Rivas,25-Feb,62,Gombe,5G Broadband Router,Female,3,Good,25,150GB FUP Monthly Unlimited,20000,18,360000,66.27,No,Active,
CUST0087,Omamuzo Guerrero,25-Jan,52,Edo,5G Broadband Router,Male,5,Excellent,22,450GB 3-Month Broadband Plan,75000,3,225000,26.23,No,Active,
CUST0087,Omamuzo Guerrero,25-Jan,52,Edo,Mobile SIM Card,Male,5,Excellent,22,1GB+1.5mins Daily Plan,500,11,5500,112,No,Active,
CUST0088,Amaka Brown,25-Mar,27,Kwara,Mobile SIM Card,Female,3,Good,2,500MB Daily Plan,350,5,1750,200,Yes,Churn,Poor Customer Service
CUST0088,Amaka Brown,25-Mar,27,Kwara,Broadband MiFi,Female,3,Good,2,30GB Monthly Broadband Plan,9000,4,36000,59.51,Yes,Churn,Poor Customer Service
CUST0089,Michael Schultz,25-Feb,20,Bayelsa,4G Router,Male,2,Fair,39,65GB Monthly Plan,16000,8,128000,82.47,Yes,Churn,Better Offers from Competitors
CUST0089,Michael Schultz,25-Feb,20,Bayelsa,5G Broadband Router,Male,2,Fair,39,1.5TB Yearly Broadband Plan,150000,15,2250000,122.31,Yes,Churn,Better Offers from Competitors
CUST0089,Michael Schultz,25-Feb,20,Bayelsa,Mobile SIM Card,Male,2,Fair,39,500MB Daily Plan,350,10,3500,107.04,Yes,Churn,Better Offers from Competitors
CUST0090,John Montoya,25-Mar,40,Gombe,Mobile SIM Card,Female,4,Very Good,30,10GB+10mins Monthly Plan,4500,2,9000,174.66,No,Active,
CUST0090,John Montoya,25-Mar,40,Gombe,Broadband MiFi,Female,4,Very Good,30,60GB Monthly Broadband Plan,14500,18,261000,174.89,No,Active,
CUST0091,Ngozi Fox,25-Feb,31,Cross River,4G Router,Male,3,Good,49,10GB+10mins Monthly Plan,4500,12,54000,163.43,No,Active,
CUST0091,Ngozi Fox,25-Feb,31,Cross River,Mobile SIM Card,Male,3,Good,49,2.5GB 2-Day Plan,900,13,11700,83.27,No,Active,
CUST0091,Ngozi Fox,25-Feb,31,Cross River,Broadband MiFi,Male,3,Good,49,120GB Monthly Broadband Plan,24000,13,312000,75.11,No,Active,
CUST0092,Chinedu Burke,25-Jan,63,Osun,Broadband MiFi,Male,3,Good,21,300GB FUP Monthly Unlimited,30000,16,480000,183.52,No,Active,
CUST0093,Amaka Webb,25-Jan,76,Nasarawa,Mobile SIM Card,Male,1,Poor,58,3.2GB 2-Day Plan,1000,8,8000,155.35,Yes,Churn,Better Offers from Competitors
CUST0094,Maryam Tucker,25-Feb,31,Oyo,Broadband MiFi,Male,1,Poor,27,150GB FUP Monthly Unlimited,20000,1,20000,58.61,Yes,Churn,Fast Data Consumption
CUST0094,Maryam Tucker,25-Feb,31,Oyo,5G Broadband Router,Male,1,Poor,27,200GB Monthly Broadband Plan,25000,14,350000,48.49,Yes,Churn,Fast Data Consumption
CUST0094,Maryam Tucker,25-Feb,31,Oyo,Mobile SIM Card,Male,1,Poor,27,1.5GB 2-Day Plan,600,3,1800,133.04,Yes,Churn,Fast Data Consumption
CUST0095,Sarah James,25-Feb,62,Kaduna,5G Broadband Router,Male,1,Poor,25,30GB Monthly Broadband Plan,9000,3,27000,71.74,No,Active,
CUST0095,Sarah James,25-Feb,62,Kaduna,Mobile SIM Card,Male,1,Poor,25,7GB Monthly Plan,3500,4,14000,48.6,No,Active,
CUST0096,Tega Turner,25-Mar,33,Rivers,Mobile SIM Card,Female,2,Fair,35,1.5GB 2-Day Plan,600,3,1800,162.39,No,Active,
CUST0096,Tega Turner,25-Mar,33,Rivers,5G Broadband Router,Female,2,Fair,35,1.5TB Yearly Broadband Plan,150000,7,1050000,7.88,No,Active,
CUST0096,Tega Turner,25-Mar,33,Rivers,4G Router,Female,2,Fair,35,65GB Monthly Plan,16000,2,32000,158.33,No,Active,
CUST0097,Ese Perez,25-Feb,55,Zamfara,5G Broadband Router,Female,3,Good,53,200GB Monthly Broadband Plan,25000,2,50000,172.5,Yes,Churn,High Call Tarriffs
CUST0098,Tega Murray,25-Feb,50,Delta,5G Broadband Router,Female,4,Very Good,28,1.5TB Yearly Broadband Plan,150000,12,1800000,138.57,No,Active,
CUST0098,Tega Murray,25-Feb,50,Delta,Broadband MiFi,Female,4,Very Good,28,120GB Monthly Broadband Plan,24000,3,72000,53.71,No,Active,
CUST0099,Boma Gonzalez,25-Mar,26,Kwara,5G Broadband Router,Male,3,Good,35,450GB 3-Month Broadband Plan,75000,15,1125000,33.75,Yes,Churn,Costly Data Plans
CUST0099,Boma Gonzalez,25-Mar,26,Kwara,4G Router,Male,3,Good,35,25GB Monthly Plan,9000,12,108000,89.7,Yes,Churn,Costly Data Plans
CUST0099,Boma Gonzalez,25-Mar,26,Kwara,Mobile SIM Card,Male,3,Good,35,20GB Monthly Plan,7500,2,15000,55.27,Yes,Churn,Costly Data Plans
CUST0100,Kunle Davis,25-Feb,67,Gombe,Broadband MiFi,Male,5,Excellent,2,30GB Monthly Broadband Plan,9000,12,108000,47.58,No,Active,
CUST0100,Kunle Davis,25-Feb,67,Gombe,Mobile SIM Card,Male,5,Excellent,2,7GB Monthly Plan,3500,19,66500,76.88,No,Active,
CUST0101,Bola Brown,25-Feb,35,Nasarawa,5G Broadband Router,Female,1,Poor,24,120GB Monthly Broadband Plan,24000,4,96000,50.3,No,Active,
CUST0101,Bola Brown,25-Feb,35,Nasarawa,Mobile SIM Card,Female,1,Poor,24,65GB Monthly Plan,16000,16,256000,147.27,No,Active,
CUST0101,Bola Brown,25-Feb,35,Nasarawa,Mobile SIM Card,Female,1,Poor,24,16.5GB+10mins Monthly Plan,6500,18,117000,77.7,No,Active,
CUST0102,Ifeanyi Burns,25-Mar,49,Edo,Mobile SIM Card,Female,4,Very Good,14,1.5GB 2-Day Plan,600,15,9000,179.79,Yes,Churn,Poor Customer Service
CUST0103,Chinedu Barrera,25-Mar,56,Ekiti,4G Router,Male,3,Good,36,65GB Monthly Plan,16000,5,80000,197.03,No,Active,
CUST0103,Chinedu Barrera,25-Mar,56,Ekiti,Mobile SIM Card,Male,3,Good,36,500MB Daily Plan,350,1,350,158.18,No,Active,
CUST0103,Chinedu Barrera,25-Mar,56,Ekiti,Broadband MiFi,Male,3,Good,36,300GB FUP Monthly Unlimited,30000,12,360000,111.03,No,Active,
CUST0104,Zina Fischer,25-Feb,32,Katsina,Broadband MiFi,Male,4,Very Good,20,300GB FUP Monthly Unlimited,30000,15,450000,128.65,No,Active,
CUST0104,Zina Fischer,25-Feb,32,Katsina,Mobile SIM Card,Male,4,Very Good,20,12.5GB Monthly Plan,5500,12,66000,136.18,No,Active,
CUST0105,Amaka Garcia,25-Jan,39,Borno,Mobile SIM Card,Female,1,Poor,33,25GB Monthly Plan,9000,8,72000,186.98,No,Active,
CUST0105,Amaka Garcia,25-Jan,39,Borno,Broadband MiFi,Female,1,Poor,33,300GB FUP Monthly Unlimited,30000,17,510000,189.52,No,Active,
CUST0106,Abubakar Holmes,25-Mar,26,Edo,Broadband MiFi,Male,2,Fair,41,120GB Monthly Broadband Plan,24000,5,120000,188.35,No,Active,
CUST0106,Abubakar Holmes,25-Mar,26,Edo,5G Broadband Router,Male,2,Fair,41,300GB FUP Monthly Unlimited,30000,20,600000,131.92,No,Active,
CUST0106,Abubakar Holmes,25-Mar,26,Edo,Mobile SIM Card,Male,2,Fair,41,7GB Monthly Plan,3500,19,66500,168.58,No,Active,
CUST0107,Bola Rogers,25-Mar,19,Katsina,4G Router,Male,2,Fair,42,10GB+10mins Monthly Plan,4500,10,45000,128.56,No,Active,
CUST0108,John Rose,25-Jan,47,Kebbi,Mobile SIM Card,Female,1,Poor,30,7GB Monthly Plan,3500,11,38500,121.53,Yes,Churn,Fast Data Consumption
CUST0108,John Rose,25-Jan,47,Kebbi,Broadband MiFi,Female,1,Poor,30,300GB FUP Monthly Unlimited,30000,12,360000,146.97,Yes,Churn,Fast Data Consumption
CUST0109,Tamuno Bates,25-Feb,32,Gombe,Mobile SIM Card,Male,4,Very Good,21,65GB Monthly Plan,16000,13,208000,10.6,Yes,Churn,Fast Data Consumption
CUST0110,Ibim Richards,25-Mar,47,Abuja (FCT),Mobile SIM Card,Female,2,Fair,60,1GB+1.5mins Daily Plan,500,3,1500,99.73,No,Active,
CUST0110,Ibim Richards,25-Mar,47,Abuja (FCT),4G Router,Female,2,Fair,60,165GB Monthly Plan,35000,8,280000,101.34,No,Active,
CUST0111,Fatima Blevins,25-Feb,61,Oyo,Mobile SIM Card,Male,5,Excellent,19,3.2GB 2-Day Plan,1000,9,9000,86.47,No,Active,
CUST0111,Fatima Blevins,25-Feb,61,Oyo,4G Router,Male,5,Excellent,19,25GB Monthly Plan,9000,12,108000,152.89,No,Active,
CUST0111,Fatima Blevins,25-Feb,61,Oyo,Broadband MiFi,Male,5,Excellent,19,30GB Monthly Broadband Plan,9000,19,171000,80.42,No,Active,
CUST0112,Bala Smith,25-Feb,62,Cross River,Broadband MiFi,Male,5,Excellent,25,60GB Monthly Broadband Plan,14500,11,159500,74.95,Yes,Churn,Relocation
CUST0112,Bala Smith,25-Feb,62,Cross River,Mobile SIM Card,Male,5,Excellent,25,16.5GB+10mins Monthly Plan,6500,5,32500,187.82,Yes,Churn,Relocation
CUST0112,Bala Smith,25-Feb,62,Cross River,5G Broadband Router,Male,5,Excellent,25,60GB Monthly Broadband Plan,14500,13,188500,120.69,Yes,Churn,Relocation
CUST0113,Michael Evans,25-Mar,21,Rivers,4G Router,Male,4,Very Good,9,25GB Monthly Plan,9000,11,99000,186.31,No,Active,
CUST0114,Amina Todd,25-Feb,66,Abia,5G Broadband Router,Female,5,Excellent,33,200GB Monthly Broadband Plan,25000,14,350000,134.92,Yes,Churn,Better Offers from Competitors
CUST0115,Maryam Smith,25-Feb,19,Taraba,Mobile SIM Card,Female,1,Poor,42,1.5GB 2-Day Plan,600,8,4800,164.42,No,Active,
CUST0116,Bola Garcia,25-Mar,30,Benue,Mobile SIM Card,Male,4,Very Good,29,16.5GB+10mins Monthly Plan,6500,16,104000,155.11,Yes,Churn,High Call Tarriffs
CUST0117,Sade Collins,25-Mar,33,Bauchi,4G Router,Male,4,Very Good,36,25GB Monthly Plan,9000,9,81000,109.48,No,Active,
CUST0117,Sade Collins,25-Mar,33,Bauchi,Mobile SIM Card,Male,4,Very Good,36,12.5GB Monthly Plan,5500,8,44000,38.86,No,Active,
CUST0118,Zainab Garcia,25-Mar,54,Osun,5G Broadband Router,Female,2,Fair,50,200GB Monthly Broadband Plan,25000,9,225000,112.32,No,Active,
CUST0118,Zainab Garcia,25-Mar,54,Osun,4G Router,Female,2,Fair,50,25GB Monthly Plan,9000,18,162000,24.81,No,Active,
CUST0119,Omamuzo Terry,25-Jan,66,Ekiti,5G Broadband Router,Male,3,Good,19,1.5TB Yearly Broadband Plan,150000,16,2400000,131.37,No,Active,
CUST0120,Fatima Lindsey,25-Mar,41,Adamawa,4G Router,Female,2,Fair,60,10GB+10mins Monthly Plan,4500,2,9000,127.77,Yes,Churn,High Call Tarriffs
CUST0120,Fatima Lindsey,25-Mar,41,Adamawa,Broadband MiFi,Female,2,Fair,60,30GB Monthly Broadband Plan,9000,16,144000,82.95,Yes,Churn,High Call Tarriffs
CUST0120,Fatima Lindsey,25-Mar,41,Adamawa,5G Broadband Router,Female,2,Fair,60,150GB FUP Monthly Unlimited,20000,5,100000,136.4,Yes,Churn,High Call Tarriffs
CUST0121,Tunde Smith,25-Feb,36,Kogi,Broadband MiFi,Female,3,Good,31,120GB Monthly Broadband Plan,24000,2,48000,147.87,No,Active,
CUST0121,Tunde Smith,25-Feb,36,Kogi,Mobile SIM Card,Female,3,Good,31,1.5GB 2-Day Plan,600,6,3600,83.87,No,Active,
CUST0121,Tunde Smith,25-Feb,36,Kogi,5G Broadband Router,Female,3,Good,31,30GB Monthly Broadband Plan,9000,13,117000,199.44,No,Active,
CUST0122,Grace Fowler,25-Mar,39,Cross River,5G Broadband Router,Male,5,Excellent,1,1.5TB Yearly Broadband Plan,150000,5,750000,177.91,No,Active,
CUST0122,Grace Fowler,25-Mar,39,Cross River,4G Router,Male,5,Excellent,1,165GB Monthly Plan,35000,4,140000,54.93,No,Active,
CUST0123,Tega Chen,25-Feb,36,Sokoto,4G Router,Female,1,Poor,46,165GB Monthly Plan,35000,17,595000,165.48,No,Active,
CUST0123,Tega Chen,25-Feb,36,Sokoto,Broadband MiFi,Female,1,Poor,46,300GB FUP Monthly Unlimited,30000,4,120000,17.8,No,Active,
CUST0124,Shehu Nguyen,25-Feb,33,Taraba,5G Broadband Router,Female,1,Poor,60,120GB Monthly Broadband Plan,24000,19,456000,116.7,Yes,Churn,Poor Customer Service
CUST0124,Shehu Nguyen,25-Feb,33,Taraba,4G Router,Female,1,Poor,60,65GB Monthly Plan,16000,12,192000,52.68,Yes,Churn,Poor Customer Service
CUST0125,Halima Aguilar,25-Feb,23,Delta,5G Broadband Router,Female,4,Very Good,20,120GB Monthly Broadband Plan,24000,8,192000,73.83,No,Active,
CUST0125,Halima Aguilar,25-Feb,23,Delta,Mobile SIM Card,Female,4,Very Good,20,500MB Daily Plan,350,16,5600,191.49,No,Active,
CUST0125,Halima Aguilar,25-Feb,23,Delta,Broadband MiFi,Female,4,Very Good,20,150GB FUP Monthly Unlimited,20000,20,400000,91.27,No,Active,
CUST0126,Ejiro Ware,25-Feb,69,Taraba,Mobile SIM Card,Male,5,Excellent,49,16.5GB+10mins Monthly Plan,6500,3,19500,140.9,No,Active,
CUST0127,Ifeanyi Clayton,25-Feb,23,Zamfara,Mobile SIM Card,Male,2,Fair,37,12.5GB Monthly Plan,5500,17,93500,18.64,No,Active,
CUST0127,Ifeanyi Clayton,25-Feb,23,Zamfara,Broadband MiFi,Male,2,Fair,37,60GB Monthly Broadband Plan,14500,15,217500,161.83,No,Active,
CUST0127,Ifeanyi Clayton,25-Feb,23,Zamfara,5G Broadband Router,Male,2,Fair,37,300GB FUP Monthly Unlimited,30000,15,450000,102.89,No,Active,
CUST0128,Sade Berry,25-Mar,75,Abia,Broadband MiFi,Male,1,Poor,26,300GB FUP Monthly Unlimited,30000,18,540000,140.23,No,Active,
CUST0128,Sade Berry,25-Mar,75,Abia,Mobile SIM Card,Male,1,Poor,26,2.5GB 2-Day Plan,900,3,2700,186.95,No,Active,
CUST0128,Sade Berry,25-Mar,75,Abia,Mobile SIM Card,Male,1,Poor,26,165GB Monthly Plan,35000,14,490000,6.83,No,Active,
CUST0129,Shehu Lee,25-Feb,33,Kogi,Mobile SIM Card,Female,4,Very Good,58,16.5GB+10mins Monthly Plan,6500,12,78000,27.03,No,Active,
CUST0129,Shehu Lee,25-Feb,33,Kogi,Broadband MiFi,Female,4,Very Good,58,30GB Monthly Broadband Plan,9000,18,162000,36.11,No,Active,
CUST0130,Tamuno Greer,25-Jan,32,Osun,Mobile SIM Card,Male,3,Good,49,500MB Daily Plan,350,12,4200,49.88,No,Active,
CUST0130,Tamuno Greer,25-Jan,32,Osun,5G Broadband Router,Male,3,Good,49,300GB FUP Monthly Unlimited,30000,4,120000,55.49,No,Active,
CUST0130,Tamuno Greer,25-Jan,32,Osun,4G Router,Male,3,Good,49,65GB Monthly Plan,16000,14,224000,161.99,No,Active,
CUST0131,Funke Hart,25-Jan,46,Ondo,Broadband MiFi,Male,4,Very Good,7,60GB Monthly Broadband Plan,14500,18,261000,88.07,No,Active,
CUST0131,Funke Hart,25-Jan,46,Ondo,Mobile SIM Card,Male,4,Very Good,7,500MB Daily Plan,350,2,700,151,No,Active,
CUST0131,Funke Hart,25-Jan,46,Ondo,5G Broadband Router,Male,4,Very Good,7,300GB FUP Monthly Unlimited,30000,10,300000,101.03,No,Active,
CUST0132,Nura Yang,25-Feb,56,Niger,Broadband MiFi,Male,5,Excellent,20,120GB Monthly Broadband Plan,24000,6,144000,176,Yes,Churn,Costly Data Plans
CUST0132,Nura Yang,25-Feb,56,Niger,5G Broadband Router,Male,5,Excellent,20,450GB 3-Month Broadband Plan,75000,2,150000,111.39,Yes,Churn,Costly Data Plans
CUST0133,Oghene Cooper,25-Feb,64,Bauchi,Mobile SIM Card,Female,4,Very Good,45,500MB Daily Plan,350,10,3500,169.94,Yes,Churn,Fast Data Consumption
CUST0134,Obinna Branch,25-Feb,75,Oyo,Broadband MiFi,Female,4,Very Good,27,300GB FUP Monthly Unlimited,30000,7,210000,18.95,Yes,Churn,Poor Customer Service
CUST0134,Obinna Branch,25-Feb,75,Oyo,4G Router,Female,4,Very Good,27,65GB Monthly Plan,16000,20,320000,54.06,Yes,Churn,Poor Customer Service
CUST0135,Bola Anderson,25-Feb,25,Benue,Mobile SIM Card,Male,3,Good,31,10GB+10mins Monthly Plan,4500,4,18000,192.43,No,Active,
CUST0136,John Hill,25-Feb,47,Ondo,Mobile SIM Card,Female,5,Excellent,59,16.5GB+10mins Monthly Plan,6500,10,65000,129.92,No,Active,
CUST0136,John Hill,25-Feb,47,Ondo,4G Router,Female,5,Excellent,59,25GB Monthly Plan,9000,16,144000,72.25,No,Active,
CUST0137,Zina Singh,25-Feb,28,Taraba,4G Router,Female,3,Good,59,10GB+10mins Monthly Plan,4500,18,81000,3.74,No,Active,
CUST0138,Ibim Brown,25-Feb,53,Plateau,Mobile SIM Card,Male,4,Very Good,22,16.5GB+10mins Monthly Plan,6500,11,71500,131.09,No,Active,
CUST0139,Saidu Holt,25-Mar,78,Yobe,4G Router,Female,2,Fair,11,65GB Monthly Plan,16000,3,48000,105.03,Yes,Churn,Relocation
CUST0139,Saidu Holt,25-Mar,78,Yobe,5G Broadband Router,Female,2,Fair,11,30GB Monthly Broadband Plan,9000,14,126000,152.99,Yes,Churn,Relocation
CUST0140,Amaka Vang,25-Feb,45,Kaduna,Mobile SIM Card,Male,5,Excellent,1,12.5GB Monthly Plan,5500,18,99000,3.64,No,Active,
CUST0141,Ibim Faulkner,25-Mar,17,Kano,Mobile SIM Card,Female,1,Poor,35,3.2GB 2-Day Plan,1000,8,8000,105.11,No,Active,
CUST0142,Bala Hood,25-Feb,48,Ekiti,Mobile SIM Card,Female,1,Poor,51,500MB Daily Plan,350,8,2800,198.05,No,Active,
CUST0142,Bala Hood,25-Feb,48,Ekiti,5G Broadband Router,Female,1,Poor,51,120GB Monthly Broadband Plan,24000,3,72000,136.97,No,Active,
CUST0143,Bola Brooks,25-Feb,27,Kebbi,Mobile SIM Card,Female,1,Poor,25,165GB Monthly Plan,35000,11,385000,129.16,No,Active,
CUST0143,Bola Brooks,25-Feb,27,Kebbi,Broadband MiFi,Female,1,Poor,25,120GB Monthly Broadband Plan,24000,4,96000,195.48,No,Active,
CUST0143,Bola Brooks,25-Feb,27,Kebbi,Mobile SIM Card,Female,1,Poor,25,16.5GB+10mins Monthly Plan,6500,8,52000,183.87,No,Active,
CUST0144,Fatima Wheeler,25-Jan,76,Akwa Ibom,Broadband MiFi,Male,3,Good,60,30GB Monthly Broadband Plan,9000,19,171000,192.31,No,Active,
CUST0144,Fatima Wheeler,25-Jan,76,Akwa Ibom,Mobile SIM Card,Male,3,Good,60,1.5GB 2-Day Plan,600,13,7800,150.57,No,Active,
CUST0144,Fatima Wheeler,25-Jan,76,Akwa Ibom,4G Router,Male,3,Good,60,65GB Monthly Plan,16000,19,304000,60.21,No,Active,
CUST0145,Halima Valencia,25-Feb,65,Adamawa,Broadband MiFi,Female,1,Poor,25,60GB Monthly Broadband Plan,14500,3,43500,46.81,No,Active,
CUST0145,Halima Valencia,25-Feb,65,Adamawa,Mobile SIM Card,Female,1,Poor,25,7GB Monthly Plan,3500,20,70000,121.23,No,Active,
CUST0146,Tamuno Boyd,25-Feb,57,Kano,Mobile SIM Card,Female,4,Very Good,51,20GB Monthly Plan,7500,20,150000,17.6,Yes,Churn,Relocation
CUST0146,Tamuno Boyd,25-Feb,57,Kano,Broadband MiFi,Female,4,Very Good,51,300GB FUP Monthly Unlimited,30000,3,90000,159.71,Yes,Churn,Relocation
CUST0147,Chinedu Martinez,25-Feb,50,Plateau,Broadband MiFi,Female,4,Very Good,46,30GB Monthly Broadband Plan,9000,15,135000,188.62,No,Active,
CUST0148,Ejiro Finley,25-Feb,50,Anambra,Mobile SIM Card,Male,4,Very Good,6,3.2GB 2-Day Plan,1000,3,3000,71.11,No,Active,
CUST0148,Ejiro Finley,25-Feb,50,Anambra,Broadband MiFi,Male,4,Very Good,6,120GB Monthly Broadband Plan,24000,11,264000,119.81,No,Active,
CUST0148,Ejiro Finley,25-Feb,50,Anambra,5G Broadband Router,Male,4,Very Good,6,450GB 3-Month Broadband Plan,75000,14,1050000,2.96,No,Active,
CUST0149,Omamuzo Levine,25-Feb,26,Imo,Mobile SIM Card,Male,2,Fair,44,3.2GB 2-Day Plan,1000,9,9000,33.86,Yes,Churn,Costly Data Plans
CUST0149,Omamuzo Levine,25-Feb,26,Imo,Broadband MiFi,Male,2,Fair,44,60GB Monthly Broadband Plan,14500,3,43500,60.3,Yes,Churn,Costly Data Plans
CUST0150,Ejiro Roman,25-Feb,48,Imo,Mobile SIM Card,Female,4,Very Good,39,7GB Monthly Plan,3500,13,45500,168.4,Yes,Churn,Costly Data Plans
CUST0151,Tega Mendez,25-Feb,72,Bayelsa,4G Router,Female,3,Good,53,10GB+10mins Monthly Plan,4500,11,49500,192.93,No,Active,
CUST0151,Tega Mendez,25-Feb,72,Bayelsa,Mobile SIM Card,Female,3,Good,53,1GB+1.5mins Daily Plan,500,16,8000,147.11,No,Active,
CUST0151,Tega Mendez,25-Feb,72,Bayelsa,5G Broadband Router,Female,3,Good,53,60GB Monthly Broadband Plan,14500,9,130500,65.51,No,Active,
CUST0152,Tamuno Yang,25-Feb,62,Delta,4G Router,Male,5,Excellent,38,25GB Monthly Plan,9000,3,27000,166.34,Yes,Churn,High Call Tarriffs
CUST0152,Tamuno Yang,25-Feb,62,Delta,Mobile SIM Card,Male,5,Excellent,38,20GB Monthly Plan,7500,5,37500,134.76,Yes,Churn,High Call Tarriffs
CUST0153,Maryam Williams,25-Feb,46,Edo,Mobile SIM Card,Male,4,Very Good,46,16.5GB+10mins Monthly Plan,6500,14,91000,184.74,Yes,Churn,Relocation
CUST0153,Maryam Williams,25-Feb,46,Edo,5G Broadband Router,Male,4,Very Good,46,30GB Monthly Broadband Plan,9000,12,108000,158.25,Yes,Churn,Relocation
CUST0154,David Miller,25-Mar,26,Anambra,Mobile SIM Card,Male,2,Fair,43,7GB Monthly Plan,3500,14,49000,193.16,No,Active,
CUST0155,Ngozi Fowler,25-Feb,17,Anambra,4G Router,Female,4,Very Good,15,10GB+10mins Monthly Plan,4500,10,45000,96.81,No,Active,
CUST0155,Ngozi Fowler,25-Feb,17,Anambra,Mobile SIM Card,Female,4,Very Good,15,12.5GB Monthly Plan,5500,3,16500,184.15,No,Active,
CUST0156,Ifeanyi Garcia,25-Feb,34,Ekiti,Mobile SIM Card,Female,2,Fair,22,12.5GB Monthly Plan,5500,15,82500,144.54,No,Active,
CUST0156,Ifeanyi Garcia,25-Feb,34,Ekiti,Broadband MiFi,Female,2,Fair,22,300GB FUP Monthly Unlimited,30000,2,60000,13.9,No,Active,
CUST0157,Ifeanyi Jimenez,25-Feb,18,Bayelsa,4G Router,Male,2,Fair,44,10GB+10mins Monthly Plan,4500,13,58500,46.76,No,Active,
CUST0157,Ifeanyi Jimenez,25-Feb,18,Bayelsa,Mobile SIM Card,Male,2,Fair,44,1.5GB 2-Day Plan,600,14,8400,37.68,No,Active,
CUST0159,Kunle Nielsen,25-Mar,29,Adamawa,Mobile SIM Card,Male,2,Fair,24,7GB Monthly Plan,3500,20,70000,119.6,No,Active,
CUST0159,Kunle Nielsen,25-Mar,29,Adamawa,5G Broadband Router,Male,2,Fair,24,450GB 3-Month Broadband Plan,75000,12,900000,117.61,No,Active,
CUST0160,Oghene Diaz,25-Jan,74,Enugu,5G Broadband Router,Female,2,Fair,59,150GB FUP Monthly Unlimited,20000,5,100000,37.02,No,Active,
CUST0161,Michael Wilson,25-Feb,65,Kogi,4G Router,Male,4,Very Good,37,165GB Monthly Plan,35000,6,210000,58.12,Yes,Churn,High Call Tarriffs
CUST0161,Michael Wilson,25-Feb,65,Kogi,5G Broadband Router,Male,4,Very Good,37,200GB Monthly Broadband Plan,25000,20,500000,168.48,Yes,Churn,High Call Tarriffs
CUST0161,Michael Wilson,25-Feb,65,Kogi,Broadband MiFi,Male,4,Very Good,37,30GB Monthly Broadband Plan,9000,1,9000,173.17,Yes,Churn,High Call Tarriffs
CUST0162,Grace Gallegos,25-Feb,33,Benue,Mobile SIM Card,Female,4,Very Good,36,1.5GB 2-Day Plan,600,1,600,16.99,No,Active,
CUST0162,Grace Gallegos,25-Feb,33,Benue,4G Router,Female,4,Very Good,36,10GB+10mins Monthly Plan,4500,9,40500,58.77,No,Active,
CUST0163,Nura Jackson,25-Feb,52,Abuja (FCT),Broadband MiFi,Female,5,Excellent,37,120GB Monthly Broadband Plan,24000,2,48000,164.61,No,Active,
CUST0163,Nura Jackson,25-Feb,52,Abuja (FCT),4G Router,Female,5,Excellent,37,165GB Monthly Plan,35000,14,490000,109.5,No,Active,
CUST0163,Nura Jackson,25-Feb,52,Abuja (FCT),5G Broadband Router,Female,5,Excellent,37,150GB FUP Monthly Unlimited,20000,8,160000,147.33,No,Active,
CUST0164,Maryam Diaz,25-Jan,20,Nasarawa,Mobile SIM Card,Female,4,Very Good,23,10GB+10mins Monthly Plan,4500,19,85500,162.24,No,Active,
CUST0165,Oghene Allison,25-Feb,70,Abuja (FCT),5G Broadband Router,Male,2,Fair,51,300GB FUP Monthly Unlimited,30000,10,300000,65.07,No,Active,
CUST0165,Oghene Allison,25-Feb,70,Abuja (FCT),Mobile SIM Card,Male,2,Fair,51,1GB+1.5mins Daily Plan,500,17,8500,114.76,No,Active,
CUST0165,Oghene Allison,25-Feb,70,Abuja (FCT),4G Router,Male,2,Fair,51,65GB Monthly Plan,16000,14,224000,27.55,No,Active,
CUST0166,Sade Suarez,25-Feb,51,Borno,Mobile SIM Card,Male,3,Good,16,1GB+1.5mins Daily Plan,500,13,6500,125.75,No,Active,
CUST0166,Sade Suarez,25-Feb,51,Borno,4G Router,Male,3,Good,16,165GB Monthly Plan,35000,3,105000,15.57,No,Active,
CUST0166,Sade Suarez,25-Feb,51,Borno,Broadband MiFi,Male,3,Good,16,60GB Monthly Broadband Plan,14500,9,130500,103.36,No,Active,
CUST0167,Ejiro Thomas,25-Jan,74,Yobe,5G Broadband Router,Female,1,Poor,38,450GB 3-Month Broadband Plan,75000,14,1050000,43.96,No,Active,
CUST0167,Ejiro Thomas,25-Jan,74,Yobe,Broadband MiFi,Female,1,Poor,38,150GB FUP Monthly Unlimited,20000,11,220000,99.2,No,Active,
CUST0168,Abubakar Weiss,25-Mar,59,Borno,Broadband MiFi,Female,1,Poor,51,150GB FUP Monthly Unlimited,20000,1,20000,88.54,Yes,Churn,High Call Tarriffs
CUST0168,Abubakar Weiss,25-Mar,59,Borno,Mobile SIM Card,Female,1,Poor,51,20GB Monthly Plan,7500,5,37500,40.86,Yes,Churn,High Call Tarriffs
CUST0169,Maryam Dean,25-Mar,36,Akwa Ibom,4G Router,Male,3,Good,42,25GB Monthly Plan,9000,8,72000,145.33,Yes,Churn,High Call Tarriffs
CUST0169,Maryam Dean,25-Mar,36,Akwa Ibom,Broadband MiFi,Male,3,Good,42,60GB Monthly Broadband Plan,14500,4,58000,131.27,Yes,Churn,High Call Tarriffs
CUST0169,Maryam Dean,25-Mar,36,Akwa Ibom,Mobile SIM Card,Male,3,Good,42,2.5GB 2-Day Plan,900,3,2700,43.08,Yes,Churn,High Call Tarriffs
CUST0170,Amaka Whitaker,25-Jan,44,Bauchi,4G Router,Female,3,Good,1,65GB Monthly Plan,16000,3,48000,46.17,No,Active,
CUST0170,Amaka Whitaker,25-Jan,44,Bauchi,Mobile SIM Card,Female,3,Good,1,3.2GB 2-Day Plan,1000,12,12000,21.09,No,Active,
CUST0171,Maryam Dixon,25-Feb,33,Jigawa,4G Router,Male,1,Poor,42,165GB Monthly Plan,35000,7,245000,70.56,No,Active,
CUST0172,Obinna Miller,25-Jan,68,Nasarawa,Mobile SIM Card,Male,2,Fair,6,7GB Monthly Plan,3500,8,28000,158.32,No,Active,
CUST0172,Obinna Miller,25-Jan,68,Nasarawa,4G Router,Male,2,Fair,6,25GB Monthly Plan,9000,8,72000,129.1,No,Active,
CUST0172,Obinna Miller,25-Jan,68,Nasarawa,5G Broadband Router,Male,2,Fair,6,120GB Monthly Broadband Plan,24000,1,24000,155.9,No,Active,
CUST0173,Maryam Soto,25-Feb,42,Bauchi,Mobile SIM Card,Male,3,Good,48,20GB Monthly Plan,7500,16,120000,22.99,No,Active,
CUST0174,Kunle Jones,25-Feb,17,Gombe,4G Router,Female,5,Excellent,9,10GB+10mins Monthly Plan,4500,1,4500,117.68,No,Active,
CUST0174,Kunle Jones,25-Feb,17,Gombe,Mobile SIM Card,Female,5,Excellent,9,1GB+1.5mins Daily Plan,500,2,1000,43.54,No,Active,
CUST0175,Tamuno Patton,25-Feb,80,Cross River,Mobile SIM Card,Female,1,Poor,28,25GB Monthly Plan,9000,7,63000,16.26,No,Active,
CUST0175,Tamuno Patton,25-Feb,80,Cross River,Mobile SIM Card,Female,1,Poor,28,1.5GB 2-Day Plan,600,13,7800,107.51,No,Active,
CUST0175,Tamuno Patton,25-Feb,80,Cross River,Broadband MiFi,Female,1,Poor,28,120GB Monthly Broadband Plan,24000,3,72000,127.04,No,Active,
CUST0176,Maryam Martinez,25-Jan,71,Imo,Broadband MiFi,Male,4,Very Good,16,30GB Monthly Broadband Plan,9000,5,45000,3.03,Yes,Churn,Relocation
CUST0176,Maryam Martinez,25-Jan,71,Imo,4G Router,Male,4,Very Good,16,65GB Monthly Plan,16000,12,192000,33.18,Yes,Churn,Relocation
CUST0176,Maryam Martinez,25-Jan,71,Imo,Mobile SIM Card,Male,4,Very Good,16,16.5GB+10mins Monthly Plan,6500,9,58500,103.69,Yes,Churn,Relocation
CUST0177,Amina Johnson,25-Jan,63,Borno,5G Broadband Router,Female,1,Poor,47,150GB FUP Monthly Unlimited,20000,19,380000,52.96,No,Active,
CUST0177,Amina Johnson,25-Jan,63,Borno,Mobile SIM Card,Female,1,Poor,47,3.2GB 2-Day Plan,1000,17,17000,99.48,No,Active,
CUST0178,Ejiro Johnson,25-Feb,23,Yobe,Broadband MiFi,Male,3,Good,24,30GB Monthly Broadband Plan,9000,1,9000,171.81,No,Active,
CUST0178,Ejiro Johnson,25-Feb,23,Yobe,Mobile SIM Card,Male,3,Good,24,500MB Daily Plan,350,12,4200,9.67,No,Active,
CUST0178,Ejiro Johnson,25-Feb,23,Yobe,5G Broadband Router,Male,3,Good,24,450GB 3-Month Broadband Plan,75000,6,450000,184.09,No,Active,
CUST0179,Bola Curtis,25-Feb,69,Osun,5G Broadband Router,Female,3,Good,16,300GB FUP Monthly Unlimited,30000,17,510000,45.03,Yes,Churn,Poor Network
CUST0179,Bola Curtis,25-Feb,69,Osun,Broadband MiFi,Female,3,Good,16,30GB Monthly Broadband Plan,9000,3,27000,190.84,Yes,Churn,Poor Network
CUST0179,Bola Curtis,25-Feb,69,Osun,Mobile SIM Card,Female,3,Good,16,12.5GB Monthly Plan,5500,10,55000,173.27,Yes,Churn,Poor Network
CUST0180,Ese Haley,25-Feb,27,Sokoto,Mobile SIM Card,Male,3,Good,24,25GB Monthly Plan,9000,16,144000,118.54,No,Active,
CUST0180,Ese Haley,25-Feb,27,Sokoto,Mobile SIM Card,Male,3,Good,24,500MB Daily Plan,350,18,6300,146.63,No,Active,
CUST0181,Halima Walker,25-Feb,35,Lagos,Broadband MiFi,Female,5,Excellent,2,60GB Monthly Broadband Plan,14500,10,145000,169.88,No,Active,
CUST0181,Halima Walker,25-Feb,35,Lagos,4G Router,Female,5,Excellent,2,65GB Monthly Plan,16000,8,128000,41.44,No,Active,
CUST0181,Halima Walker,25-Feb,35,Lagos,Mobile SIM Card,Female,5,Excellent,2,20GB Monthly Plan,7500,2,15000,98.66,No,Active,
CUST0182,Obinna Mills,25-Feb,51,Katsina,Mobile SIM Card,Male,5,Excellent,59,3.2GB 2-Day Plan,1000,17,17000,116.36,No,Active,
CUST0182,Obinna Mills,25-Feb,51,Katsina,5G Broadband Router,Male,5,Excellent,59,300GB FUP Monthly Unlimited,30000,13,390000,127.62,No,Active,
CUST0183,Kunle Shaw,25-Mar,23,Kwara,5G Broadband Router,Male,3,Good,16,1.5TB Yearly Broadband Plan,150000,3,450000,54.76,No,Active,
CUST0183,Kunle Shaw,25-Mar,23,Kwara,4G Router,Male,3,Good,16,10GB+10mins Monthly Plan,4500,19,85500,27.65,No,Active,
CUST0184,Ngozi Webb,25-Feb,35,Anambra,5G Broadband Router,Male,3,Good,29,120GB Monthly Broadband Plan,24000,4,96000,92.94,No,Active,
CUST0184,Ngozi Webb,25-Feb,35,Anambra,Broadband MiFi,Male,3,Good,29,30GB Monthly Broadband Plan,9000,10,90000,31.94,No,Active,
CUST0184,Ngozi Webb,25-Feb,35,Anambra,Mobile SIM Card,Male,3,Good,29,65GB Monthly Plan,16000,11,176000,43.4,No,Active,
CUST0185,Obinna Young,25-Jan,27,Imo,Mobile SIM Card,Female,3,Good,26,12.5GB Monthly Plan,5500,18,99000,111.41,Yes,Churn,Poor Customer Service
CUST0186,Halima Harrison,25-Feb,28,Sokoto,4G Router,Male,1,Poor,52,10GB+10mins Monthly Plan,4500,12,54000,164.82,Yes,Churn,Better Offers from Competitors
CUST0187,Chinedu Brown,25-Feb,49,Kaduna,5G Broadband Router,Male,4,Very Good,5,150GB FUP Monthly Unlimited,20000,15,300000,9.02,No,Active,
CUST0188,Sade Cruz,25-Jan,37,Kwara,5G Broadband Router,Female,4,Very Good,32,60GB Monthly Broadband Plan,14500,9,130500,181.71,No,Active,
CUST0189,Zainab Mcguire,25-Feb,73,Plateau,Mobile SIM Card,Male,3,Good,40,1GB+1.5mins Daily Plan,500,14,7000,76.91,No,Active,
CUST0189,Zainab Mcguire,25-Feb,73,Plateau,Broadband MiFi,Male,3,Good,40,150GB FUP Monthly Unlimited,20000,17,340000,128.71,No,Active,
CUST0189,Zainab Mcguire,25-Feb,73,Plateau,5G Broadband Router,Male,3,Good,40,60GB Monthly Broadband Plan,14500,18,261000,126.34,No,Active,
CUST0190,Funke Thomas,25-Feb,64,Ekiti,5G Broadband Router,Female,3,Good,35,300GB FUP Monthly Unlimited,30000,20,600000,5.7,No,Active,
CUST0190,Funke Thomas,25-Feb,64,Ekiti,4G Router,Female,3,Good,35,10GB+10mins Monthly Plan,4500,9,40500,6.35,No,Active,
CUST0190,Funke Thomas,25-Feb,64,Ekiti,Mobile SIM Card,Female,3,Good,35,2.5GB 2-Day Plan,900,16,14400,161.83,No,Active,
CUST0191,Sarah Meyer,25-Feb,61,Osun,Broadband MiFi,Male,2,Fair,7,300GB FUP Monthly Unlimited,30000,6,180000,187.07,Yes,Churn,Better Offers from Competitors
CUST0191,Sarah Meyer,25-Feb,61,Osun,Mobile SIM Card,Male,2,Fair,7,1.5GB 2-Day Plan,600,11,6600,47.69,Yes,Churn,Better Offers from Competitors
CUST0191,Sarah Meyer,25-Feb,61,Osun,4G Router,Male,2,Fair,7,25GB Monthly Plan,9000,1,9000,182.84,Yes,Churn,Better Offers from Competitors
CUST0192,Oghene Schroeder,25-Mar,34,Benue,Broadband MiFi,Female,2,Fair,35,150GB FUP Monthly Unlimited,20000,1,20000,120.53,No,Active,
CUST0193,Sarah Thomas,25-Feb,77,Lagos,5G Broadband Router,Female,2,Fair,59,30GB Monthly Broadband Plan,9000,19,171000,4.87,No,Active,
CUST0194,Obinna Dunn,25-Mar,30,Bauchi,5G Broadband Router,Female,4,Very Good,5,300GB FUP Monthly Unlimited,30000,14,420000,195.18,No,Active,
CUST0194,Obinna Dunn,25-Mar,30,Bauchi,4G Router,Female,4,Very Good,5,165GB Monthly Plan,35000,6,210000,130.01,No,Active,
CUST0195,Oghene Munoz,25-Mar,44,Enugu,Mobile SIM Card,Female,2,Fair,20,1.5GB 2-Day Plan,600,20,12000,120.68,Yes,Churn,Poor Network
CUST0195,Oghene Munoz,25-Mar,44,Enugu,5G Broadband Router,Female,2,Fair,20,60GB Monthly Broadband Plan,14500,4,58000,128.11,Yes,Churn,Poor Network
CUST0195,Oghene Munoz,25-Mar,44,Enugu,Broadband MiFi,Female,2,Fair,20,60GB Monthly Broadband Plan,14500,3,43500,28.56,Yes,Churn,Poor Network
CUST0196,Halima Burns,25-Jan,60,Niger,4G Router,Male,3,Good,41,65GB Monthly Plan,16000,4,64000,70.42,No,Active,
CUST0196,Halima Burns,25-Jan,60,Niger,Broadband MiFi,Male,3,Good,41,30GB Monthly Broadband Plan,9000,15,135000,10.11,No,Active,
CUST0197,Ibim Murphy,25-Feb,37,Kogi,Mobile SIM Card,Female,3,Good,57,500MB Daily Plan,350,3,1050,32.95,No,Active,
CUST0198,Bola Potter,25-Jan,53,Kano,4G Router,Female,1,Poor,17,65GB Monthly Plan,16000,3,48000,109.64,No,Active,
CUST0198,Bola Potter,25-Jan,53,Kano,5G Broadband Router,Female,1,Poor,17,200GB Monthly Broadband Plan,25000,20,500000,119.01,No,Active,
CUST0199,John Morales,25-Feb,19,Kwara,4G Router,Male,2,Fair,39,10GB+10mins Monthly Plan,4500,18,81000,139.59,Yes,Churn,Costly Data Plans
CUST0200,Saidu Tucker,25-Jan,52,Abia,4G Router,Male,4,Very Good,7,25GB Monthly Plan,9000,3,27000,1.26,No,Active,
CUST0200,Saidu Tucker,25-Jan,52,Abia,Broadband MiFi,Male,4,Very Good,7,300GB FUP Monthly Unlimited,30000,20,600000,164.87,No,Active,
CUST0201,John Mcgrath,25-Feb,41,Anambra,Broadband MiFi,Male,3,Good,14,60GB Monthly Broadband Plan,14500,9,130500,94.45,No,Active,
CUST0201,John Mcgrath,25-Feb,41,Anambra,4G Router,Male,3,Good,14,65GB Monthly Plan,16000,13,208000,128.55,No,Active,
CUST0202,Shehu Hays,25-Feb,63,Jigawa,4G Router,Female,1,Poor,12,65GB Monthly Plan,16000,4,64000,30.65,Yes,Churn,Fast Data Consumption
CUST0202,Shehu Hays,25-Feb,63,Jigawa,Mobile SIM Card,Female,1,Poor,12,3.2GB 2-Day Plan,1000,18,18000,133.79,Yes,Churn,Fast Data Consumption
CUST0203,Ibim Castro,25-Feb,45,Oyo,4G Router,Female,5,Excellent,53,25GB Monthly Plan,9000,2,18000,16.25,No,Active,
CUST0203,Ibim Castro,25-Feb,45,Oyo,Mobile SIM Card,Female,5,Excellent,53,16.5GB+10mins Monthly Plan,6500,17,110500,114.46,No,Active,
CUST0204,Obinna Patterson,25-Feb,31,Nasarawa,Mobile SIM Card,Male,2,Fair,11,500MB Daily Plan,350,5,1750,199.46,Yes,Churn,Fast Data Consumption
CUST0205,Saidu Munoz,25-Feb,56,Kaduna,Mobile SIM Card,Male,5,Excellent,25,16.5GB+10mins Monthly Plan,6500,4,26000,156.45,No,Active,
CUST0205,Saidu Munoz,25-Feb,56,Kaduna,Broadband MiFi,Male,5,Excellent,25,60GB Monthly Broadband Plan,14500,19,275500,30.35,No,Active,
CUST0206,Ngozi Wood,25-Mar,29,Anambra,Mobile SIM Card,Female,4,Very Good,56,1.5GB 2-Day Plan,600,5,3000,55.45,Yes,Churn,High Call Tarriffs
CUST0206,Ngozi Wood,25-Mar,29,Anambra,Broadband MiFi,Female,4,Very Good,56,120GB Monthly Broadband Plan,24000,13,312000,121.93,Yes,Churn,High Call Tarriffs
CUST0207,Bola Miller,25-Feb,66,Bayelsa,5G Broadband Router,Male,3,Good,4,120GB Monthly Broadband Plan,24000,16,384000,62.53,No,Active,
CUST0208,Ngozi Acevedo,25-Feb,45,Borno,Broadband MiFi,Female,3,Good,48,150GB FUP Monthly Unlimited,20000,14,280000,182.73,Yes,Churn,Fast Data Consumption
CUST0208,Ngozi Acevedo,25-Feb,45,Borno,Mobile SIM Card,Female,3,Good,48,12.5GB Monthly Plan,5500,12,66000,152.02,Yes,Churn,Fast Data Consumption
CUST0208,Ngozi Acevedo,25-Feb,45,Borno,4G Router,Female,3,Good,48,65GB Monthly Plan,16000,6,96000,103.3,Yes,Churn,Fast Data Consumption
CUST0209,Kunle Bird,25-Jan,55,Zamfara,Broadband MiFi,Female,2,Fair,9,150GB FUP Monthly Unlimited,20000,2,40000,7.1,Yes,Churn,Better Offers from Competitors
CUST0210,Ejiro Gill,25-Feb,41,Akwa Ibom,Broadband MiFi,Female,5,Excellent,53,150GB FUP Monthly Unlimited,20000,20,400000,74.81,No,Active,
CUST0211,Alabo Clay,25-Feb,38,Taraba,Broadband MiFi,Female,3,Good,23,60GB Monthly Broadband Plan,14500,19,275500,10.41,No,Active,
CUST0211,Alabo Clay,25-Feb,38,Taraba,Mobile SIM Card,Female,3,Good,23,10GB+10mins Monthly Plan,4500,8,36000,171.49,No,Active,
CUST0211,Alabo Clay,25-Feb,38,Taraba,Mobile SIM Card,Female,3,Good,23,500MB Daily Plan,350,14,4900,54.18,No,Active,
CUST0212,Michael Williams,25-Feb,18,Lagos,4G Router,Female,2,Fair,59,10GB+10mins Monthly Plan,4500,10,45000,121.86,No,Active,
CUST0213,Zainab Clark,25-Mar,70,Jigawa,Mobile SIM Card,Female,2,Fair,30,2.5GB 2-Day Plan,900,12,10800,102.55,No,Active,
CUST0213,Zainab Clark,25-Mar,70,Jigawa,5G Broadband Router,Female,2,Fair,30,120GB Monthly Broadband Plan,24000,4,96000,60.05,No,Active,
CUST0213,Zainab Clark,25-Mar,70,Jigawa,Broadband MiFi,Female,2,Fair,30,60GB Monthly Broadband Plan,14500,9,130500,13.24,No,Active,
CUST0214,Ese Cooper,25-Feb,51,Edo,Mobile SIM Card,Female,5,Excellent,13,7GB Monthly Plan,3500,1,3500,136.31,No,Active,
CUST0215,Grace Figueroa,25-Feb,53,Edo,Mobile SIM Card,Female,1,Poor,26,165GB Monthly Plan,35000,12,420000,181.35,No,Active,
CUST0215,Grace Figueroa,25-Feb,53,Edo,Mobile SIM Card,Female,1,Poor,26,16.5GB+10mins Monthly Plan,6500,6,39000,60.39,No,Active,
CUST0215,Grace Figueroa,25-Feb,53,Edo,Broadband MiFi,Female,1,Poor,26,120GB Monthly Broadband Plan,24000,4,96000,36.64,No,Active,
CUST0216,John Erickson,25-Mar,32,Edo,5G Broadband Router,Male,1,Poor,44,200GB Monthly Broadband Plan,25000,10,250000,52.48,Yes,Churn,Poor Customer Service
CUST0216,John Erickson,25-Mar,32,Edo,4G Router,Male,1,Poor,44,165GB Monthly Plan,35000,16,560000,170.32,Yes,Churn,Poor Customer Service
CUST0216,John Erickson,25-Mar,32,Edo,Mobile SIM Card,Male,1,Poor,44,2.5GB 2-Day Plan,900,19,17100,173.35,Yes,Churn,Poor Customer Service
CUST0217,Kunle Collins,25-Feb,76,Benue,4G Router,Male,5,Excellent,56,10GB+10mins Monthly Plan,4500,19,85500,68.86,Yes,Churn,Poor Network
CUST0218,Zina Dawson,25-Jan,34,Niger,5G Broadband Router,Male,4,Very Good,50,30GB Monthly Broadband Plan,9000,9,81000,1.44,No,Active,
CUST0219,Fatima Scott,25-Jan,37,Abuja (FCT),Mobile SIM Card,Female,2,Fair,51,12.5GB Monthly Plan,5500,2,11000,76.97,No,Active,
CUST0219,Fatima Scott,25-Jan,37,Abuja (FCT),4G Router,Female,2,Fair,51,10GB+10mins Monthly Plan,4500,1,4500,146.27,No,Active,
CUST0219,Fatima Scott,25-Jan,37,Abuja (FCT),5G Broadband Router,Female,2,Fair,51,200GB Monthly Broadband Plan,25000,17,425000,151.49,No,Active,
CUST0220,Bala Smith,25-Mar,18,Lagos,Mobile SIM Card,Male,3,Good,15,2.5GB 2-Day Plan,900,10,9000,59.99,Yes,Churn,Fast Data Consumption
CUST0221,Zina Cochran,25-Feb,59,Kwara,Mobile SIM Card,Male,3,Good,22,2.5GB 2-Day Plan,900,5,4500,46.07,No,Active,
CUST0222,Fatima Carpenter,25-Mar,18,Zamfara,Mobile SIM Card,Male,1,Poor,8,2.5GB 2-Day Plan,900,1,900,132.56,No,Active,
CUST0223,Sade Howell,25-Jan,30,Kogi,Mobile SIM Card,Female,5,Excellent,25,65GB Monthly Plan,16000,4,64000,60.57,Yes,Churn,High Call Tarriffs
CUST0224,Sarah Stevens,25-Jan,50,Borno,5G Broadband Router,Female,5,Excellent,54,150GB FUP Monthly Unlimited,20000,16,320000,157.06,No,Active,
CUST0225,Bala Cummings,25-Feb,41,Edo,Mobile SIM Card,Male,3,Good,23,165GB Monthly Plan,35000,1,35000,66.46,Yes,Churn,Relocation
CUST0225,Bala Cummings,25-Feb,41,Edo,5G Broadband Router,Male,3,Good,23,30GB Monthly Broadband Plan,9000,4,36000,134.49,Yes,Churn,Relocation
CUST0226,Grace Carter,25-Jan,35,Katsina,5G Broadband Router,Male,3,Good,47,1.5TB Yearly Broadband Plan,150000,6,900000,10.49,No,Active,
CUST0226,Grace Carter,25-Jan,35,Katsina,4G Router,Male,3,Good,47,65GB Monthly Plan,16000,12,192000,170.52,No,Active,
CUST0227,Ese Stewart,25-Jan,70,Delta,4G Router,Male,1,Poor,55,165GB Monthly Plan,35000,9,315000,191.04,No,Active,
CUST0227,Ese Stewart,25-Jan,70,Delta,Mobile SIM Card,Male,1,Poor,55,3.2GB 2-Day Plan,1000,11,11000,74.84,No,Active,
CUST0227,Ese Stewart,25-Jan,70,Delta,5G Broadband Router,Male,1,Poor,55,300GB FUP Monthly Unlimited,30000,13,390000,23.21,No,Active,
CUST0228,Zina Fuller,25-Feb,50,Jigawa,Broadband MiFi,Female,2,Fair,52,60GB Monthly Broadband Plan,14500,16,232000,182.29,Yes,Churn,High Call Tarriffs
CUST0228,Zina Fuller,25-Feb,50,Jigawa,Mobile SIM Card,Female,2,Fair,52,12.5GB Monthly Plan,5500,13,71500,36.66,Yes,Churn,High Call Tarriffs
CUST0228,Zina Fuller,25-Feb,50,Jigawa,5G Broadband Router,Female,2,Fair,52,200GB Monthly Broadband Plan,25000,5,125000,122.47,Yes,Churn,High Call Tarriffs
CUST0229,John Edwards,25-Jan,78,Delta,Mobile SIM Card,Female,1,Poor,29,25GB Monthly Plan,9000,20,180000,104.06,Yes,Churn,Costly Data Plans
CUST0230,Ngozi Pierce,25-Feb,71,Imo,Broadband MiFi,Female,2,Fair,23,120GB Monthly Broadband Plan,24000,16,384000,169.84,No,Active,
CUST0230,Ngozi Pierce,25-Feb,71,Imo,Mobile SIM Card,Female,2,Fair,23,1.5GB 2-Day Plan,600,16,9600,15.44,No,Active,
CUST0230,Ngozi Pierce,25-Feb,71,Imo,5G Broadband Router,Female,2,Fair,23,200GB Monthly Broadband Plan,25000,9,225000,48.56,No,Active,
CUST0231,Sade Smith,25-Feb,80,Osun,Mobile SIM Card,Female,1,Poor,26,12.5GB Monthly Plan,5500,16,88000,63.55,No,Active,
CUST0231,Sade Smith,25-Feb,80,Osun,Broadband MiFi,Female,1,Poor,26,30GB Monthly Broadband Plan,9000,14,126000,20.98,No,Active,
CUST0231,Sade Smith,25-Feb,80,Osun,Mobile SIM Card,Female,1,Poor,26,65GB Monthly Plan,16000,1,16000,111.65,No,Active,
CUST0232,Chinedu Hughes,25-Feb,54,Zamfara,4G Router,Male,3,Good,42,165GB Monthly Plan,35000,20,700000,66.73,No,Active,
CUST0233,John Benjamin,25-Feb,62,Nasarawa,5G Broadband Router,Male,1,Poor,7,150GB FUP Monthly Unlimited,20000,6,120000,9.63,No,Active,
CUST0233,John Benjamin,25-Feb,62,Nasarawa,Mobile SIM Card,Male,1,Poor,7,12.5GB Monthly Plan,5500,14,77000,28.52,No,Active,
CUST0233,John Benjamin,25-Feb,62,Nasarawa,4G Router,Male,1,Poor,7,65GB Monthly Plan,16000,7,112000,51.23,No,Active,
CUST0234,Bala Hardin,25-Feb,31,Kebbi,Broadband MiFi,Male,3,Good,30,60GB Monthly Broadband Plan,14500,19,275500,91.75,Yes,Churn,Fast Data Consumption
CUST0235,Michael Savage,25-Jan,33,Yobe,Mobile SIM Card,Male,5,Excellent,34,1.5GB 2-Day Plan,600,5,3000,146.23,No,Active,
CUST0235,Michael Savage,25-Jan,33,Yobe,5G Broadband Router,Male,5,Excellent,34,150GB FUP Monthly Unlimited,20000,20,400000,77.79,No,Active,
CUST0235,Michael Savage,25-Jan,33,Yobe,Broadband MiFi,Male,5,Excellent,34,120GB Monthly Broadband Plan,24000,17,408000,176.6,No,Active,
CUST0236,Omamuzo Stephenson,25-Mar,69,Imo,Mobile SIM Card,Female,3,Good,26,165GB Monthly Plan,35000,17,595000,120.7,No,Active,
CUST0237,Maryam Moore,25-Mar,56,Ondo,4G Router,Male,3,Good,14,25GB Monthly Plan,9000,12,108000,142.22,No,Active,
CUST0238,John Patel,25-Feb,69,Adamawa,Mobile SIM Card,Female,1,Poor,57,1.5GB 2-Day Plan,600,2,1200,11.09,No,Active,
CUST0239,Bala Holt,25-Mar,50,Abuja (FCT),5G Broadband Router,Female,2,Fair,44,200GB Monthly Broadband Plan,25000,4,100000,162.9,No,Active,
CUST0239,Bala Holt,25-Mar,50,Abuja (FCT),Broadband MiFi,Female,2,Fair,44,120GB Monthly Broadband Plan,24000,18,432000,173.67,No,Active,
CUST0239,Bala Holt,25-Mar,50,Abuja (FCT),Mobile SIM Card,Female,2,Fair,44,500MB Daily Plan,350,18,6300,148.61,No,Active,
CUST0240,Omamuzo Roberts,25-Jan,46,Zamfara,5G Broadband Router,Female,4,Very Good,45,30GB Monthly Broadband Plan,9000,7,63000,148.86,No,Active,
CUST0240,Omamuzo Roberts,25-Jan,46,Zamfara,Mobile SIM Card,Female,4,Very Good,45,12.5GB Monthly Plan,5500,12,66000,166.08,No,Active,
CUST0240,Omamuzo Roberts,25-Jan,46,Zamfara,Broadband MiFi,Female,4,Very Good,45,120GB Monthly Broadband Plan,24000,20,480000,109.55,No,Active,
CUST0241,Bala Calhoun,25-Jan,40,Cross River,Broadband MiFi,Female,2,Fair,12,60GB Monthly Broadband Plan,14500,9,130500,56.18,No,Active,
CUST0241,Bala Calhoun,25-Jan,40,Cross River,4G Router,Female,2,Fair,12,10GB+10mins Monthly Plan,4500,9,40500,32.61,No,Active,
CUST0241,Bala Calhoun,25-Jan,40,Cross River,Mobile SIM Card,Female,2,Fair,12,2.5GB 2-Day Plan,900,5,4500,66.45,No,Active,
CUST0242,Bola Miller,25-Mar,35,Niger,5G Broadband Router,Male,4,Very Good,50,60GB Monthly Broadband Plan,14500,17,246500,191.42,No,Active,
CUST0242,Bola Miller,25-Mar,35,Niger,Broadband MiFi,Male,4,Very Good,50,30GB Monthly Broadband Plan,9000,6,54000,157.36,No,Active,
CUST0242,Bola Miller,25-Mar,35,Niger,4G Router,Male,4,Very Good,50,165GB Monthly Plan,35000,13,455000,108.84,No,Active,
CUST0243,Chinedu Elliott,25-Mar,60,Osun,Mobile SIM Card,Male,3,Good,43,16.5GB+10mins Monthly Plan,6500,1,6500,164.83,No,Active,
CUST0244,Ifeanyi Austin,25-Feb,60,Nasarawa,Mobile SIM Card,Male,1,Poor,58,20GB Monthly Plan,7500,10,75000,51.69,No,Active,
CUST0244,Ifeanyi Austin,25-Feb,60,Nasarawa,Broadband MiFi,Male,1,Poor,58,30GB Monthly Broadband Plan,9000,12,108000,182.31,No,Active,
CUST0245,Michael Jones,25-Feb,73,Yobe,4G Router,Male,3,Good,19,65GB Monthly Plan,16000,7,112000,125.57,No,Active,
CUST0246,Fatima Foster,25-Feb,70,Anambra,Broadband MiFi,Male,1,Poor,35,60GB Monthly Broadband Plan,14500,2,29000,143.52,No,Active,
CUST0247,Chinedu Yates,25-Mar,25,Oyo,5G Broadband Router,Male,5,Excellent,51,450GB 3-Month Broadband Plan,75000,13,975000,77.91,Yes,Churn,Better Offers from Competitors
CUST0248,Boma Peterson,25-Jan,56,Kano,Broadband MiFi,Female,5,Excellent,44,30GB Monthly Broadband Plan,9000,17,153000,71.86,Yes,Churn,High Call Tarriffs
CUST0248,Boma Peterson,25-Jan,56,Kano,5G Broadband Router,Female,5,Excellent,44,150GB FUP Monthly Unlimited,20000,10,200000,58.32,Yes,Churn,High Call Tarriffs
CUST0248,Boma Peterson,25-Jan,56,Kano,Mobile SIM Card,Female,5,Excellent,44,3.2GB 2-Day Plan,1000,15,15000,56.66,Yes,Churn,High Call Tarriffs
CUST0249,Omamuzo Jones,25-Feb,66,Kano,5G Broadband Router,Female,2,Fair,11,120GB Monthly Broadband Plan,24000,12,288000,135.62,No,Active,
CUST0249,Omamuzo Jones,25-Feb,66,Kano,Mobile SIM Card,Female,2,Fair,11,2.5GB 2-Day Plan,900,18,16200,110.93,No,Active,
CUST0249,Omamuzo Jones,25-Feb,66,Kano,Broadband MiFi,Female,2,Fair,11,150GB FUP Monthly Unlimited,20000,1,20000,25.09,No,Active,
CUST0250,Tamuno Lawrence,25-Mar,26,Abia,4G Router,Male,2,Fair,48,10GB+10mins Monthly Plan,4500,9,40500,123.57,No,Active,
CUST0250,Tamuno Lawrence,25-Mar,26,Abia,Broadband MiFi,Male,2,Fair,48,150GB FUP Monthly Unlimited,20000,19,380000,23.37,No,Active,
CUST0250,Tamuno Lawrence,25-Mar,26,Abia,5G Broadband Router,Male,2,Fair,48,30GB Monthly Broadband Plan,9000,18,162000,170.35,No,Active,
CUST0251,Zina Nicholson,25-Jan,25,Cross River,5G Broadband Router,Male,2,Fair,17,300GB FUP Monthly Unlimited,30000,8,240000,134.42,No,Active,
CUST0251,Zina Nicholson,25-Jan,25,Cross River,4G Router,Male,2,Fair,17,65GB Monthly Plan,16000,3,48000,57.38,No,Active,
CUST0252,Bala Graham,25-Mar,56,Yobe,5G Broadband Router,Female,5,Excellent,22,300GB FUP Monthly Unlimited,30000,8,240000,1.46,Yes,Churn,Relocation
CUST0252,Bala Graham,25-Mar,56,Yobe,Mobile SIM Card,Female,5,Excellent,22,10GB+10mins Monthly Plan,4500,14,63000,142.58,Yes,Churn,Relocation
CUST0253,Zainab Blackwell,25-Feb,62,Borno,Mobile SIM Card,Female,4,Very Good,57,3.2GB 2-Day Plan,1000,20,20000,35.57,No,Active,
CUST0253,Zainab Blackwell,25-Feb,62,Borno,5G Broadband Router,Female,4,Very Good,57,150GB FUP Monthly Unlimited,20000,5,100000,168.44,No,Active,
CUST0254,David Rodriguez,25-Jan,41,Edo,Broadband MiFi,Male,1,Poor,47,120GB Monthly Broadband Plan,24000,2,48000,42.95,No,Active,
CUST0254,David Rodriguez,25-Jan,41,Edo,5G Broadband Router,Male,1,Poor,47,120GB Monthly Broadband Plan,24000,18,432000,108.92,No,Active,
CUST0254,David Rodriguez,25-Jan,41,Edo,4G Router,Male,1,Poor,47,165GB Monthly Plan,35000,5,175000,130.95,No,Active,
CUST0255,Ejiro Miller,25-Feb,66,Osun,5G Broadband Router,Female,5,Excellent,9,30GB Monthly Broadband Plan,9000,20,180000,132.7,No,Active,
CUST0255,Ejiro Miller,25-Feb,66,Osun,Mobile SIM Card,Female,5,Excellent,9,1.5GB 2-Day Plan,600,5,3000,151.56,No,Active,
CUST0256,Alabo Smith,25-Feb,36,Enugu,4G Router,Male,3,Good,48,25GB Monthly Plan,9000,2,18000,74.2,Yes,Churn,Better Offers from Competitors
CUST0256,Alabo Smith,25-Feb,36,Enugu,Broadband MiFi,Male,3,Good,48,150GB FUP Monthly Unlimited,20000,12,240000,103.82,Yes,Churn,Better Offers from Competitors
CUST0257,Omamuzo Smith,25-Mar,76,Sokoto,5G Broadband Router,Male,1,Poor,3,300GB FUP Monthly Unlimited,30000,13,390000,75.64,No,Active,
CUST0257,Omamuzo Smith,25-Mar,76,Sokoto,Mobile SIM Card,Male,1,Poor,3,7GB Monthly Plan,3500,3,10500,117.74,No,Active,
CUST0257,Omamuzo Smith,25-Mar,76,Sokoto,4G Router,Male,1,Poor,3,25GB Monthly Plan,9000,8,72000,75.58,No,Active,
CUST0258,Sarah Munoz,25-Feb,67,Ekiti,Mobile SIM Card,Female,5,Excellent,32,65GB Monthly Plan,16000,9,144000,103.15,Yes,Churn,Poor Customer Service
CUST0258,Sarah Munoz,25-Feb,67,Ekiti,Broadband MiFi,Female,5,Excellent,32,150GB FUP Monthly Unlimited,20000,6,120000,30.47,Yes,Churn,Poor Customer Service
CUST0259,Ejiro Collins,25-Mar,31,Osun,Mobile SIM Card,Female,1,Poor,52,1.5GB 2-Day Plan,600,14,8400,129.63,No,Active,
CUST0259,Ejiro Collins,25-Mar,31,Osun,Broadband MiFi,Female,1,Poor,52,30GB Monthly Broadband Plan,9000,5,45000,49.11,No,Active,
CUST0260,Amina Johns,25-Feb,33,Zamfara,Mobile SIM Card,Male,1,Poor,58,1GB+1.5mins Daily Plan,500,7,3500,189.48,Yes,Churn,Poor Customer Service
CUST0260,Amina Johns,25-Feb,33,Zamfara,5G Broadband Router,Male,1,Poor,58,1.5TB Yearly Broadband Plan,150000,16,2400000,121.5,Yes,Churn,Poor Customer Service
CUST0260,Amina Johns,25-Feb,33,Zamfara,Broadband MiFi,Male,1,Poor,58,60GB Monthly Broadband Plan,14500,14,203000,34.53,Yes,Churn,Poor Customer Service
CUST0261,Obinna Simon,25-Mar,39,Zamfara,4G Router,Female,4,Very Good,11,165GB Monthly Plan,35000,4,140000,77.4,No,Active,
CUST0262,Funke Alexander,25-Feb,41,Bauchi,Broadband MiFi,Female,5,Excellent,53,30GB Monthly Broadband Plan,9000,5,45000,96.71,Yes,Churn,Fast Data Consumption
CUST0262,Funke Alexander,25-Feb,41,Bauchi,5G Broadband Router,Female,5,Excellent,53,30GB Monthly Broadband Plan,9000,14,126000,179.45,Yes,Churn,Fast Data Consumption
CUST0262,Funke Alexander,25-Feb,41,Bauchi,Mobile SIM Card,Female,5,Excellent,53,16.5GB+10mins Monthly Plan,6500,2,13000,84.43,Yes,Churn,Fast Data Consumption
CUST0263,Sarah Fritz,25-Feb,70,Osun,Broadband MiFi,Female,3,Good,51,300GB FUP Monthly Unlimited,30000,8,240000,95.69,No,Active,
CUST0263,Sarah Fritz,25-Feb,70,Osun,4G Router,Female,3,Good,51,65GB Monthly Plan,16000,18,288000,57.01,No,Active,
CUST0263,Sarah Fritz,25-Feb,70,Osun,Mobile SIM Card,Female,3,Good,51,20GB Monthly Plan,7500,1,7500,51.93,No,Active,
CUST0264,Tunde Smith,25-Feb,31,Bauchi,Mobile SIM Card,Male,3,Good,25,165GB Monthly Plan,35000,9,315000,130.49,No,Active,
CUST0265,Saidu Martinez,25-Feb,70,Gombe,Mobile SIM Card,Female,2,Fair,44,16.5GB+10mins Monthly Plan,6500,9,58500,111.2,No,Active,
CUST0265,Saidu Martinez,25-Feb,70,Gombe,Broadband MiFi,Female,2,Fair,44,300GB FUP Monthly Unlimited,30000,13,390000,115.74,No,Active,
CUST0265,Saidu Martinez,25-Feb,70,Gombe,4G Router,Female,2,Fair,44,10GB+10mins Monthly Plan,4500,4,18000,171.07,No,Active,
CUST0266,Nura Hunter,25-Feb,73,Abuja (FCT),Broadband MiFi,Male,3,Good,14,30GB Monthly Broadband Plan,9000,5,45000,160.97,No,Active,
CUST0266,Nura Hunter,25-Feb,73,Abuja (FCT),Mobile SIM Card,Male,3,Good,14,12.5GB Monthly Plan,5500,14,77000,185.21,No,Active,
CUST0266,Nura Hunter,25-Feb,73,Abuja (FCT),4G Router,Male,3,Good,14,65GB Monthly Plan,16000,8,128000,13.28,No,Active,
CUST0267,Ejiro Mendoza,25-Feb,26,Rivers,Broadband MiFi,Female,5,Excellent,60,60GB Monthly Broadband Plan,14500,7,101500,88.07,No,Active,
CUST0267,Ejiro Mendoza,25-Feb,26,Rivers,Mobile SIM Card,Female,5,Excellent,60,16.5GB+10mins Monthly Plan,6500,2,13000,57.56,No,Active,
CUST0268,Michael Peterson,25-Feb,45,Abuja (FCT),5G Broadband Router,Male,1,Poor,24,450GB 3-Month Broadband Plan,75000,13,975000,70.95,No,Active,
CUST0269,Tamuno Diaz,25-Jan,41,Bauchi,5G Broadband Router,Male,1,Poor,48,60GB Monthly Broadband Plan,14500,7,101500,121.47,No,Active,
CUST0269,Tamuno Diaz,25-Jan,41,Bauchi,4G Router,Male,1,Poor,48,165GB Monthly Plan,35000,19,665000,185.98,No,Active,
CUST0269,Tamuno Diaz,25-Jan,41,Bauchi,Mobile SIM Card,Male,1,Poor,48,2.5GB 2-Day Plan,900,14,12600,52.59,No,Active,
CUST0270,Michael Rodriguez,25-Jan,29,Kaduna,5G Broadband Router,Female,5,Excellent,22,450GB 3-Month Broadband Plan,75000,8,600000,112.85,No,Active,
CUST0270,Michael Rodriguez,25-Jan,29,Kaduna,Mobile SIM Card,Female,5,Excellent,22,7GB Monthly Plan,3500,15,52500,192.27,No,Active,
CUST0270,Michael Rodriguez,25-Jan,29,Kaduna,Mobile SIM Card,Female,5,Excellent,22,165GB Monthly Plan,35000,1,35000,179.36,No,Active,
CUST0271,John Benson,25-Feb,30,Edo,5G Broadband Router,Male,2,Fair,25,30GB Monthly Broadband Plan,9000,9,81000,140.31,No,Active,
CUST0271,John Benson,25-Feb,30,Edo,Mobile SIM Card,Male,2,Fair,25,500MB Daily Plan,350,13,4550,57.81,No,Active,
CUST0272,Tega Cooper,25-Mar,25,Enugu,Mobile SIM Card,Female,2,Fair,21,10GB+10mins Monthly Plan,4500,7,31500,100.05,No,Active,
CUST0272,Tega Cooper,25-Mar,25,Enugu,5G Broadband Router,Female,2,Fair,21,60GB Monthly Broadband Plan,14500,9,130500,147.22,No,Active,
CUST0273,Fatima Lewis,25-Mar,45,Benue,Broadband MiFi,Male,2,Fair,54,60GB Monthly Broadband Plan,14500,18,261000,122.96,No,Active,
CUST0274,Bola Duffy,25-Mar,77,Gombe,5G Broadband Router,Female,4,Very Good,32,300GB FUP Monthly Unlimited,30000,14,420000,11.3,Yes,Churn,Better Offers from Competitors
CUST0274,Bola Duffy,25-Mar,77,Gombe,Mobile SIM Card,Female,4,Very Good,32,165GB Monthly Plan,35000,2,70000,187.96,Yes,Churn,Better Offers from Competitors
CUST0274,Bola Duffy,25-Mar,77,Gombe,Broadband MiFi,Female,4,Very Good,32,120GB Monthly Broadband Plan,24000,6,144000,69.78,Yes,Churn,Better Offers from Competitors
CUST0275,Zina Gallegos,25-Jan,31,Bauchi,Broadband MiFi,Female,1,Poor,21,300GB FUP Monthly Unlimited,30000,9,270000,122.75,No,Active,
CUST0275,Zina Gallegos,25-Jan,31,Bauchi,Mobile SIM Card,Female,1,Poor,21,10GB+10mins Monthly Plan,4500,8,36000,109.94,No,Active,
CUST0276,Zainab Rogers,25-Feb,76,Bayelsa,5G Broadband Router,Female,4,Very Good,12,120GB Monthly Broadband Plan,24000,19,456000,90.42,Yes,Churn,High Call Tarriffs
CUST0276,Zainab Rogers,25-Feb,76,Bayelsa,4G Router,Female,4,Very Good,12,10GB+10mins Monthly Plan,4500,8,36000,195.86,Yes,Churn,High Call Tarriffs
CUST0277,Ngozi Dunn,25-Feb,50,Imo,Mobile SIM Card,Female,2,Fair,55,2.5GB 2-Day Plan,900,16,14400,35.73,Yes,Churn,High Call Tarriffs
CUST0278,Amaka Johnson,25-Jan,56,Yobe,4G Router,Female,4,Very Good,17,25GB Monthly Plan,9000,4,36000,95.57,Yes,Churn,Poor Customer Service
CUST0279,Alabo Carlson,25-Mar,58,Edo,Mobile SIM Card,Female,3,Good,24,10GB+10mins Monthly Plan,4500,10,45000,195.88,Yes,Churn,Poor Network
CUST0279,Alabo Carlson,25-Mar,58,Edo,5G Broadband Router,Female,3,Good,24,200GB Monthly Broadband Plan,25000,17,425000,65.36,Yes,Churn,Poor Network
CUST0280,Grace Brock,25-Mar,73,Katsina,4G Router,Female,4,Very Good,40,25GB Monthly Plan,9000,20,180000,84.65,No,Active,
CUST0281,Tamuno Ortiz,25-Feb,25,Katsina,5G Broadband Router,Male,3,Good,22,450GB 3-Month Broadband Plan,75000,15,1125000,54.61,No,Active,
CUST0281,Tamuno Ortiz,25-Feb,25,Katsina,Mobile SIM Card,Male,3,Good,22,7GB Monthly Plan,3500,17,59500,149.71,No,Active,
CUST0282,Alabo Chavez,25-Jan,68,Abuja (FCT),5G Broadband Router,Male,2,Fair,55,60GB Monthly Broadband Plan,14500,4,58000,33.8,No,Active,
CUST0282,Alabo Chavez,25-Jan,68,Abuja (FCT),Mobile SIM Card,Male,2,Fair,55,3.2GB 2-Day Plan,1000,16,16000,13.23,No,Active,
CUST0282,Alabo Chavez,25-Jan,68,Abuja (FCT),Broadband MiFi,Male,2,Fair,55,120GB Monthly Broadband Plan,24000,13,312000,11.24,No,Active,
CUST0283,Sarah Ballard,25-Feb,26,Anambra,5G Broadband Router,Female,1,Poor,40,60GB Monthly Broadband Plan,14500,15,217500,147.65,No,Active,
CUST0283,Sarah Ballard,25-Feb,26,Anambra,Broadband MiFi,Female,1,Poor,40,150GB FUP Monthly Unlimited,20000,6,120000,26.69,No,Active,
CUST0284,Funke Shaffer,25-Feb,20,Ekiti,5G Broadband Router,Female,4,Very Good,56,300GB FUP Monthly Unlimited,30000,18,540000,193.92,No,Active,
CUST0284,Funke Shaffer,25-Feb,20,Ekiti,Mobile SIM Card,Female,4,Very Good,56,1.5GB 2-Day Plan,600,15,9000,118.37,No,Active,
CUST0284,Funke Shaffer,25-Feb,20,Ekiti,4G Router,Female,4,Very Good,56,165GB Monthly Plan,35000,18,630000,104.93,No,Active,
CUST0285,Maryam Gates,25-Jan,60,Taraba,5G Broadband Router,Male,4,Very Good,52,120GB Monthly Broadband Plan,24000,17,408000,2.61,No,Active,
CUST0285,Maryam Gates,25-Jan,60,Taraba,Broadband MiFi,Male,4,Very Good,52,150GB FUP Monthly Unlimited,20000,16,320000,69.11,No,Active,
CUST0286,David George,25-Jan,17,Yobe,4G Router,Female,4,Very Good,20,10GB+10mins Monthly Plan,4500,18,81000,82.64,No,Active,
CUST0286,David George,25-Jan,17,Yobe,Mobile SIM Card,Female,4,Very Good,20,12.5GB Monthly Plan,5500,6,33000,79.25,No,Active,
CUST0287,Omamuzo Rivera,25-Feb,64,Osun,5G Broadband Router,Female,2,Fair,6,450GB 3-Month Broadband Plan,75000,3,225000,38.01,No,Active,
CUST0287,Omamuzo Rivera,25-Feb,64,Osun,4G Router,Female,2,Fair,6,10GB+10mins Monthly Plan,4500,4,18000,27.76,No,Active,
CUST0287,Omamuzo Rivera,25-Feb,64,Osun,Mobile SIM Card,Female,2,Fair,6,12.5GB Monthly Plan,5500,9,49500,123.74,No,Active,
CUST0288,Grace Chaney,25-Jan,40,Niger,5G Broadband Router,Male,5,Excellent,10,1.5TB Yearly Broadband Plan,150000,8,1200000,145.56,Yes,Churn,Poor Network
CUST0288,Grace Chaney,25-Jan,40,Niger,Broadband MiFi,Male,5,Excellent,10,30GB Monthly Broadband Plan,9000,16,144000,30.56,Yes,Churn,Poor Network
CUST0289,Fatima Wheeler,25-Feb,59,Kogi,5G Broadband Router,Female,3,Good,51,150GB FUP Monthly Unlimited,20000,5,100000,168.79,No,Active,
CUST0290,Sade Ryan,25-Feb,50,Kebbi,Mobile SIM Card,Male,2,Fair,35,3.2GB 2-Day Plan,1000,8,8000,194.93,Yes,Churn,Better Offers from Competitors
CUST0290,Sade Ryan,25-Feb,50,Kebbi,Broadband MiFi,Male,2,Fair,35,60GB Monthly Broadband Plan,14500,15,217500,154.36,Yes,Churn,Better Offers from Competitors
CUST0291,Halima Mahoney,25-Jan,20,Benue,Mobile SIM Card,Female,5,Excellent,48,20GB Monthly Plan,7500,10,75000,136.45,No,Active,
CUST0292,Ese Rose,25-Feb,36,Rivers,4G Router,Male,3,Good,17,165GB Monthly Plan,35000,6,210000,65.24,Yes,Churn,Poor Network
CUST0292,Ese Rose,25-Feb,36,Rivers,Broadband MiFi,Male,3,Good,17,300GB FUP Monthly Unlimited,30000,13,390000,117.15,Yes,Churn,Poor Network
CUST0292,Ese Rose,25-Feb,36,Rivers,5G Broadband Router,Male,3,Good,17,60GB Monthly Broadband Plan,14500,2,29000,2.28,Yes,Churn,Poor Network
CUST0293,John Jones,25-Feb,35,Gombe,Broadband MiFi,Male,4,Very Good,16,300GB FUP Monthly Unlimited,30000,18,540000,129.09,Yes,Churn,Relocation
CUST0293,John Jones,25-Feb,35,Gombe,Mobile SIM Card,Male,4,Very Good,16,3.2GB 2-Day Plan,1000,8,8000,25.6,Yes,Churn,Relocation
CUST0294,Ese Bailey,25-Feb,60,Nasarawa,Broadband MiFi,Male,3,Good,2,60GB Monthly Broadband Plan,14500,18,261000,112.03,No,Active,
CUST0294,Ese Bailey,25-Feb,60,Nasarawa,4G Router,Male,3,Good,2,165GB Monthly Plan,35000,6,210000,38.36,No,Active,
CUST0295,David Higgins,25-Feb,60,Niger,5G Broadband Router,Female,1,Poor,18,200GB Monthly Broadband Plan,25000,17,425000,91.09,No,Active,
CUST0295,David Higgins,25-Feb,60,Niger,4G Router,Female,1,Poor,18,165GB Monthly Plan,35000,1,35000,146.86,No,Active,
CUST0296,Ejiro Scott,25-Feb,46,Niger,4G Router,Male,2,Fair,43,25GB Monthly Plan,9000,11,99000,64.86,No,Active,
CUST0296,Ejiro Scott,25-Feb,46,Niger,5G Broadband Router,Male,2,Fair,43,150GB FUP Monthly Unlimited,20000,3,60000,19.7,No,Active,
CUST0297,Bola Spencer,25-Jan,32,Enugu,Mobile SIM Card,Male,4,Very Good,13,16.5GB+10mins Monthly Plan,6500,19,123500,124.98,Yes,Churn,Poor Network
CUST0297,Bola Spencer,25-Jan,32,Enugu,5G Broadband Router,Male,4,Very Good,13,120GB Monthly Broadband Plan,24000,8,192000,10.29,Yes,Churn,Poor Network
CUST0297,Bola Spencer,25-Jan,32,Enugu,4G Router,Male,4,Very Good,13,65GB Monthly Plan,16000,7,112000,3.11,Yes,Churn,Poor Network
CUST0298,Grace Davis,25-Feb,26,Sokoto,5G Broadband Router,Male,3,Good,24,30GB Monthly Broadband Plan,9000,10,90000,146.99,No,Active,
CUST0299,Kunle Fuller,25-Feb,43,Bauchi,4G Router,Male,5,Excellent,7,10GB+10mins Monthly Plan,4500,18,81000,111.91,No,Active,
CUST0300,Ibim Wilkerson,25-Feb,29,Ekiti,Mobile SIM Card,Female,1,Poor,45,1.5GB 2-Day Plan,600,20,12000,107.01,Yes,Churn,Poor Customer Service
CUST0300,Ibim Wilkerson,25-Feb,29,Ekiti,5G Broadband Router,Female,1,Poor,45,1.5TB Yearly Broadband Plan,150000,11,1650000,186.74,Yes,Churn,Poor Customer Service
CUST0300,Ibim Wilkerson,25-Feb,29,Ekiti,4G Router,Female,1,Poor,45,25GB Monthly Plan,9000,14,126000,169.05,Yes,Churn,Poor Customer Service
CUST0301,Boma Knight,25-Mar,57,Imo,Mobile SIM Card,Male,3,Good,25,2.5GB 2-Day Plan,900,20,18000,196.6,No,Active,
CUST0301,Boma Knight,25-Mar,57,Imo,Broadband MiFi,Male,3,Good,25,30GB Monthly Broadband Plan,9000,10,90000,103.76,No,Active,
CUST0302,Tunde Wallace,25-Mar,54,Osun,5G Broadband Router,Male,1,Poor,55,150GB FUP Monthly Unlimited,20000,12,240000,8.03,No,Active,
CUST0302,Tunde Wallace,25-Mar,54,Osun,Mobile SIM Card,Male,1,Poor,55,1.5GB 2-Day Plan,600,12,7200,28.11,No,Active,
CUST0302,Tunde Wallace,25-Mar,54,Osun,Broadband MiFi,Male,1,Poor,55,120GB Monthly Broadband Plan,24000,9,216000,50.35,No,Active,
CUST0303,Maryam Walker,25-Jan,27,Kebbi,Mobile SIM Card,Male,3,Good,47,3.2GB 2-Day Plan,1000,10,10000,119.25,No,Active,
CUST0304,Bola Castro,25-Mar,64,Katsina,Mobile SIM Card,Male,3,Good,59,500MB Daily Plan,350,20,7000,149.66,No,Active,
CUST0304,Bola Castro,25-Mar,64,Katsina,Broadband MiFi,Male,3,Good,59,30GB Monthly Broadband Plan,9000,13,117000,126.96,No,Active,
CUST0305,Sade Shepard,25-Feb,55,Bauchi,Mobile SIM Card,Male,3,Good,21,65GB Monthly Plan,16000,13,208000,134.89,No,Active,
CUST0306,Alabo Cortez,25-Mar,80,Katsina,Mobile SIM Card,Male,4,Very Good,28,2.5GB 2-Day Plan,900,9,8100,109.86,Yes,Churn,Costly Data Plans
CUST0307,Chinedu Hoffman,25-Feb,67,Zamfara,Mobile SIM Card,Female,2,Fair,50,20GB Monthly Plan,7500,7,52500,130.62,No,Active,
CUST0308,Sarah Flores,25-Feb,47,Imo,Broadband MiFi,Male,3,Good,18,60GB Monthly Broadband Plan,14500,7,101500,73.37,No,Active,
CUST0308,Sarah Flores,25-Feb,47,Imo,Mobile SIM Card,Male,3,Good,18,7GB Monthly Plan,3500,1,3500,69.23,No,Active,
CUST0308,Sarah Flores,25-Feb,47,Imo,4G Router,Male,3,Good,18,25GB Monthly Plan,9000,12,108000,34.27,No,Active,
CUST0309,Alabo Guerra,25-Feb,34,Nasarawa,Broadband MiFi,Male,2,Fair,60,30GB Monthly Broadband Plan,9000,8,72000,148.05,No,Active,
CUST0310,Obinna Ballard,25-Jan,52,Lagos,5G Broadband Router,Female,3,Good,45,60GB Monthly Broadband Plan,14500,7,101500,148.13,No,Active,
CUST0311,Fatima Freeman,25-Jan,49,Taraba,Broadband MiFi,Male,4,Very Good,45,30GB Monthly Broadband Plan,9000,20,180000,57.16,No,Active,
CUST0311,Fatima Freeman,25-Jan,49,Taraba,4G Router,Male,4,Very Good,45,25GB Monthly Plan,9000,1,9000,11.09,No,Active,
CUST0311,Fatima Freeman,25-Jan,49,Taraba,Mobile SIM Card,Male,4,Very Good,45,3.2GB 2-Day Plan,1000,9,9000,78.03,No,Active,
CUST0312,Ejiro Barker,25-Feb,29,Kano,Broadband MiFi,Female,2,Fair,56,120GB Monthly Broadband Plan,24000,6,144000,106.55,No,Active,
CUST0312,Ejiro Barker,25-Feb,29,Kano,4G Router,Female,2,Fair,56,10GB+10mins Monthly Plan,4500,15,67500,100.38,No,Active,
CUST0312,Ejiro Barker,25-Feb,29,Kano,5G Broadband Router,Female,2,Fair,56,30GB Monthly Broadband Plan,9000,17,153000,8.43,No,Active,
CUST0313,Maryam Hernandez,25-Feb,58,Yobe,5G Broadband Router,Female,1,Poor,48,120GB Monthly Broadband Plan,24000,17,408000,47.62,No,Active,
CUST0313,Maryam Hernandez,25-Feb,58,Yobe,Mobile SIM Card,Female,1,Poor,48,1GB+1.5mins Daily Plan,500,9,4500,162.47,No,Active,
CUST0314,Omamuzo King,25-Mar,19,Akwa Ibom,Mobile SIM Card,Male,4,Very Good,10,500MB Daily Plan,350,19,6650,83.76,No,Active,
CUST0315,Obinna Anderson,25-Feb,70,Abia,4G Router,Female,2,Fair,29,10GB+10mins Monthly Plan,4500,5,22500,86.3,No,Active,
CUST0315,Obinna Anderson,25-Feb,70,Abia,Broadband MiFi,Female,2,Fair,29,120GB Monthly Broadband Plan,24000,11,264000,183.46,No,Active,
CUST0315,Obinna Anderson,25-Feb,70,Abia,Mobile SIM Card,Female,2,Fair,29,3.2GB 2-Day Plan,1000,4,4000,111.69,No,Active,
CUST0316,Shehu Rogers,25-Mar,56,Plateau,Mobile SIM Card,Male,4,Very Good,49,1GB+1.5mins Daily Plan,500,7,3500,30.82,No,Active,
CUST0316,Shehu Rogers,25-Mar,56,Plateau,5G Broadband Router,Male,4,Very Good,49,150GB FUP Monthly Unlimited,20000,1,20000,26.74,No,Active,
CUST0317,Zainab Shaw,25-Jan,45,Osun,4G Router,Male,3,Good,44,165GB Monthly Plan,35000,12,420000,142.55,Yes,Churn,Better Offers from Competitors
CUST0317,Zainab Shaw,25-Jan,45,Osun,5G Broadband Router,Male,3,Good,44,300GB FUP Monthly Unlimited,30000,16,480000,170.5,Yes,Churn,Better Offers from Competitors
CUST0318,John Martinez,25-Jan,33,Abuja (FCT),5G Broadband Router,Male,4,Very Good,15,450GB 3-Month Broadband Plan,75000,7,525000,44.9,No,Active,
CUST0319,Fatima Powell,25-Feb,24,Enugu,Mobile SIM Card,Female,3,Good,56,20GB Monthly Plan,7500,20,150000,155.35,No,Active,
CUST0320,Omamuzo Perez,25-Jan,56,Kebbi,4G Router,Male,4,Very Good,34,165GB Monthly Plan,35000,2,70000,196.77,No,Active,
CUST0321,Omamuzo Schwartz,25-Feb,22,Benue,Mobile SIM Card,Female,3,Good,29,20GB Monthly Plan,7500,2,15000,59.24,No,Active,
CUST0321,Omamuzo Schwartz,25-Feb,22,Benue,Broadband MiFi,Female,3,Good,29,120GB Monthly Broadband Plan,24000,15,360000,180.78,No,Active,
CUST0322,Alabo Jackson,25-Feb,27,Zamfara,Broadband MiFi,Male,4,Very Good,12,60GB Monthly Broadband Plan,14500,7,101500,118.27,No,Active,
CUST0322,Alabo Jackson,25-Feb,27,Zamfara,Mobile SIM Card,Male,4,Very Good,12,12.5GB Monthly Plan,5500,11,60500,18.49,No,Active,
CUST0323,Amina Nguyen,25-Feb,31,Katsina,4G Router,Male,3,Good,46,165GB Monthly Plan,35000,6,210000,9.26,Yes,Churn,High Call Tarriffs
CUST0323,Amina Nguyen,25-Feb,31,Katsina,Mobile SIM Card,Male,3,Good,46,7GB Monthly Plan,3500,5,17500,113.32,Yes,Churn,High Call Tarriffs
CUST0324,Amina Taylor,25-Mar,34,Enugu,5G Broadband Router,Male,3,Good,27,300GB FUP Monthly Unlimited,30000,5,150000,23.95,No,Active,
CUST0324,Amina Taylor,25-Mar,34,Enugu,Mobile SIM Card,Male,3,Good,27,500MB Daily Plan,350,9,3150,1.2,No,Active,
CUST0325,Tunde Terry,25-Jan,74,Yobe,4G Router,Female,5,Excellent,35,165GB Monthly Plan,35000,15,525000,91.02,No,Active,
CUST0326,Chinedu Krueger,25-Feb,16,Imo,Mobile SIM Card,Female,1,Poor,40,2.5GB 2-Day Plan,900,20,18000,133.57,Yes,Churn,Poor Network
CUST0327,Maryam Rhodes,25-Feb,58,Katsina,4G Router,Male,2,Fair,7,65GB Monthly Plan,16000,10,160000,19.08,Yes,Churn,Costly Data Plans
CUST0327,Maryam Rhodes,25-Feb,58,Katsina,Mobile SIM Card,Male,2,Fair,7,7GB Monthly Plan,3500,13,45500,74.03,Yes,Churn,Costly Data Plans
CUST0327,Maryam Rhodes,25-Feb,58,Katsina,5G Broadband Router,Male,2,Fair,7,150GB FUP Monthly Unlimited,20000,18,360000,151.81,Yes,Churn,Costly Data Plans
CUST0328,Kunle Liu,25-Mar,53,Taraba,4G Router,Male,3,Good,8,65GB Monthly Plan,16000,17,272000,22.31,No,Active,
CUST0328,Kunle Liu,25-Mar,53,Taraba,5G Broadband Router,Male,3,Good,8,150GB FUP Monthly Unlimited,20000,20,400000,96.99,No,Active,
CUST0328,Kunle Liu,25-Mar,53,Taraba,Broadband MiFi,Male,3,Good,8,300GB FUP Monthly Unlimited,30000,11,330000,85.7,No,Active,
CUST0329,Saidu Anderson,25-Feb,61,Borno,4G Router,Female,4,Very Good,34,10GB+10mins Monthly Plan,4500,1,4500,0.82,No,Active,
CUST0329,Saidu Anderson,25-Feb,61,Borno,5G Broadband Router,Female,4,Very Good,34,1.5TB Yearly Broadband Plan,150000,4,600000,125.28,No,Active,
CUST0329,Saidu Anderson,25-Feb,61,Borno,Mobile SIM Card,Female,4,Very Good,34,500MB Daily Plan,350,14,4900,160.01,No,Active,
CUST0330,Ibim Harrison,25-Feb,21,Bayelsa,5G Broadband Router,Female,1,Poor,36,120GB Monthly Broadband Plan,24000,18,432000,60.41,No,Active,
CUST0330,Ibim Harrison,25-Feb,21,Bayelsa,4G Router,Female,1,Poor,36,25GB Monthly Plan,9000,4,36000,153.52,No,Active,
CUST0330,Ibim Harrison,25-Feb,21,Bayelsa,Broadband MiFi,Female,1,Poor,36,300GB FUP Monthly Unlimited,30000,19,570000,68.6,No,Active,
CUST0331,Funke Francis,25-Mar,38,Benue,4G Router,Female,4,Very Good,54,165GB Monthly Plan,35000,15,525000,31.5,No,Active,
CUST0332,David Ward,25-Jan,58,Sokoto,5G Broadband Router,Female,5,Excellent,60,60GB Monthly Broadband Plan,14500,11,159500,115.69,Yes,Churn,High Call Tarriffs
CUST0332,David Ward,25-Jan,58,Sokoto,Mobile SIM Card,Female,5,Excellent,60,7GB Monthly Plan,3500,5,17500,13.71,Yes,Churn,High Call Tarriffs
CUST0332,David Ward,25-Jan,58,Sokoto,Broadband MiFi,Female,5,Excellent,60,300GB FUP Monthly Unlimited,30000,11,330000,168.23,Yes,Churn,High Call Tarriffs
CUST0333,Omamuzo Miller,25-Jan,37,Jigawa,Broadband MiFi,Male,3,Good,39,60GB Monthly Broadband Plan,14500,8,116000,17.82,No,Active,
CUST0333,Omamuzo Miller,25-Jan,37,Jigawa,4G Router,Male,3,Good,39,25GB Monthly Plan,9000,10,90000,90.66,No,Active,
CUST0334,Fatima Carter,25-Jan,54,Enugu,Broadband MiFi,Male,2,Fair,24,120GB Monthly Broadband Plan,24000,11,264000,31.24,No,Active,
CUST0334,Fatima Carter,25-Jan,54,Enugu,4G Router,Male,2,Fair,24,165GB Monthly Plan,35000,17,595000,146.62,No,Active,
CUST0335,Maryam Patterson,25-Feb,57,Plateau,Mobile SIM Card,Male,2,Fair,53,16.5GB+10mins Monthly Plan,6500,10,65000,23.61,No,Active,
CUST0335,Maryam Patterson,25-Feb,57,Plateau,5G Broadband Router,Male,2,Fair,53,30GB Monthly Broadband Plan,9000,20,180000,137.57,No,Active,
CUST0336,Chinedu Reynolds,25-Mar,58,Sokoto,4G Router,Male,1,Poor,7,10GB+10mins Monthly Plan,4500,9,40500,38.91,No,Active,
CUST0336,Chinedu Reynolds,25-Mar,58,Sokoto,Mobile SIM Card,Male,1,Poor,7,16.5GB+10mins Monthly Plan,6500,15,97500,64.17,No,Active,
CUST0337,Ifeanyi Cunningham,25-Jan,50,Plateau,Broadband MiFi,Male,1,Poor,18,120GB Monthly Broadband Plan,24000,5,120000,64.04,No,Active,
CUST0337,Ifeanyi Cunningham,25-Jan,50,Plateau,Mobile SIM Card,Male,1,Poor,18,1GB+1.5mins Daily Plan,500,6,3000,115.03,No,Active,
CUST0337,Ifeanyi Cunningham,25-Jan,50,Plateau,4G Router,Male,1,Poor,18,65GB Monthly Plan,16000,11,176000,62.62,No,Active,
CUST0338,David Crosby,25-Feb,72,Oyo,Mobile SIM Card,Male,1,Poor,2,20GB Monthly Plan,7500,20,150000,36.21,Yes,Churn,Poor Network
CUST0339,Alabo Davis,25-Feb,61,Abia,4G Router,Female,5,Excellent,53,165GB Monthly Plan,35000,10,350000,19.9,Yes,Churn,Better Offers from Competitors
CUST0339,Alabo Davis,25-Feb,61,Abia,Broadband MiFi,Female,5,Excellent,53,60GB Monthly Broadband Plan,14500,8,116000,94.37,Yes,Churn,Better Offers from Competitors
CUST0340,Obinna Thomas,25-Mar,49,Gombe,Broadband MiFi,Female,3,Good,12,60GB Monthly Broadband Plan,14500,16,232000,23.02,No,Active,
CUST0341,Zina Valenzuela,25-Feb,37,Cross River,Broadband MiFi,Female,5,Excellent,39,300GB FUP Monthly Unlimited,30000,13,390000,106.78,Yes,Churn,Better Offers from Competitors
CUST0341,Zina Valenzuela,25-Feb,37,Cross River,4G Router,Female,5,Excellent,39,165GB Monthly Plan,35000,8,280000,48.1,Yes,Churn,Better Offers from Competitors
CUST0341,Zina Valenzuela,25-Feb,37,Cross River,Mobile SIM Card,Female,5,Excellent,39,16.5GB+10mins Monthly Plan,6500,16,104000,32.22,Yes,Churn,Better Offers from Competitors
CUST0342,Omamuzo Holmes,25-Feb,24,Bayelsa,4G Router,Male,4,Very Good,53,65GB Monthly Plan,16000,19,304000,148,No,Active,
CUST0342,Omamuzo Holmes,25-Feb,24,Bayelsa,Broadband MiFi,Male,4,Very Good,53,60GB Monthly Broadband Plan,14500,20,290000,23.31,No,Active,
CUST0343,Zina Diaz,25-Mar,57,Anambra,Mobile SIM Card,Female,4,Very Good,12,2.5GB 2-Day Plan,900,5,4500,18.56,Yes,Churn,Poor Network
CUST0343,Zina Diaz,25-Mar,57,Anambra,4G Router,Female,4,Very Good,12,65GB Monthly Plan,16000,5,80000,151.54,Yes,Churn,Poor Network
CUST0343,Zina Diaz,25-Mar,57,Anambra,5G Broadband Router,Female,4,Very Good,12,1.5TB Yearly Broadband Plan,150000,13,1950000,106.49,Yes,Churn,Poor Network
CUST0344,Alabo Baker,25-Mar,41,Ondo,Broadband MiFi,Female,4,Very Good,20,30GB Monthly Broadband Plan,9000,17,153000,122.49,No,Active,
CUST0344,Alabo Baker,25-Mar,41,Ondo,5G Broadband Router,Female,4,Very Good,20,450GB 3-Month Broadband Plan,75000,10,750000,169.6,No,Active,
CUST0345,Sade Mercer,25-Mar,63,Oyo,4G Router,Male,1,Poor,46,165GB Monthly Plan,35000,13,455000,140.59,No,Active,
CUST0346,Ese Harper,25-Feb,64,Kebbi,Mobile SIM Card,Female,2,Fair,28,7GB Monthly Plan,3500,5,17500,168.07,No,Active,
CUST0347,Abubakar Mcknight,25-Jan,32,Borno,Mobile SIM Card,Male,2,Fair,5,3.2GB 2-Day Plan,1000,14,14000,27.88,No,Active,
CUST0347,Abubakar Mcknight,25-Jan,32,Borno,Broadband MiFi,Male,2,Fair,5,60GB Monthly Broadband Plan,14500,20,290000,178.77,No,Active,
CUST0348,Boma Anderson,25-Feb,39,Sokoto,Mobile SIM Card,Female,4,Very Good,36,2.5GB 2-Day Plan,900,8,7200,115.8,No,Active,
CUST0349,Michael Smith,25-Jan,50,Kogi,Broadband MiFi,Female,5,Excellent,3,60GB Monthly Broadband Plan,14500,3,43500,192.37,No,Active,
CUST0349,Michael Smith,25-Jan,50,Kogi,5G Broadband Router,Female,5,Excellent,3,300GB FUP Monthly Unlimited,30000,17,510000,146.17,No,Active,
CUST0350,Zainab Compton,25-Jan,75,Bauchi,Broadband MiFi,Male,2,Fair,34,120GB Monthly Broadband Plan,24000,11,264000,11.03,No,Active,
CUST0350,Zainab Compton,25-Jan,75,Bauchi,5G Broadband Router,Male,2,Fair,34,30GB Monthly Broadband Plan,9000,17,153000,94.04,No,Active,
CUST0350,Zainab Compton,25-Jan,75,Bauchi,4G Router,Male,2,Fair,34,165GB Monthly Plan,35000,11,385000,115.01,No,Active,
CUST0351,Ibim Mills,25-Jan,61,Cross River,5G Broadband Router,Female,5,Excellent,11,300GB FUP Monthly Unlimited,30000,10,300000,114.79,No,Active,
CUST0351,Ibim Mills,25-Jan,61,Cross River,Broadband MiFi,Female,5,Excellent,11,120GB Monthly Broadband Plan,24000,16,384000,5.95,No,Active,
CUST0351,Ibim Mills,25-Jan,61,Cross River,4G Router,Female,5,Excellent,11,65GB Monthly Plan,16000,3,48000,25.8,No,Active,
CUST0352,Zainab Rivera,25-Mar,48,Borno,4G Router,Female,1,Poor,18,165GB Monthly Plan,35000,6,210000,74.27,No,Active,
CUST0352,Zainab Rivera,25-Mar,48,Borno,5G Broadband Router,Female,1,Poor,18,120GB Monthly Broadband Plan,24000,8,192000,156.61,No,Active,
CUST0352,Zainab Rivera,25-Mar,48,Borno,Broadband MiFi,Female,1,Poor,18,60GB Monthly Broadband Plan,14500,17,246500,36.57,No,Active,
CUST0353,Bola Patterson,25-Feb,59,Katsina,Mobile SIM Card,Male,4,Very Good,39,12.5GB Monthly Plan,5500,6,33000,145.34,No,Active,
CUST0353,Bola Patterson,25-Feb,59,Katsina,Broadband MiFi,Male,4,Very Good,39,150GB FUP Monthly Unlimited,20000,12,240000,115.76,No,Active,
CUST0354,Sade Brown,25-Feb,49,Delta,4G Router,Male,4,Very Good,11,165GB Monthly Plan,35000,5,175000,95.18,No,Active,
CUST0354,Sade Brown,25-Feb,49,Delta,Mobile SIM Card,Male,4,Very Good,11,16.5GB+10mins Monthly Plan,6500,1,6500,174.12,No,Active,
CUST0355,Abubakar Martin,25-Jan,73,Jigawa,5G Broadband Router,Female,1,Poor,34,200GB Monthly Broadband Plan,25000,4,100000,54.43,No,Active,
CUST0355,Abubakar Martin,25-Jan,73,Jigawa,4G Router,Female,1,Poor,34,25GB Monthly Plan,9000,13,117000,131.04,No,Active,
CUST0355,Abubakar Martin,25-Jan,73,Jigawa,Mobile SIM Card,Female,1,Poor,34,12.5GB Monthly Plan,5500,8,44000,154.74,No,Active,
CUST0356,Bala Gibson,25-Jan,59,Enugu,Mobile SIM Card,Female,1,Poor,36,3.2GB 2-Day Plan,1000,15,15000,105.29,No,Active,
CUST0357,Oghene Winters,25-Jan,44,Cross River,4G Router,Female,1,Poor,13,65GB Monthly Plan,16000,4,64000,141.76,No,Active,
CUST0358,Chinedu Smith,25-Jan,32,Jigawa,Broadband MiFi,Male,2,Fair,58,300GB FUP Monthly Unlimited,30000,11,330000,153.99,Yes,Churn,Fast Data Consumption
CUST0358,Chinedu Smith,25-Jan,32,Jigawa,5G Broadband Router,Male,2,Fair,58,120GB Monthly Broadband Plan,24000,3,72000,32.81,Yes,Churn,Fast Data Consumption
CUST0358,Chinedu Smith,25-Jan,32,Jigawa,4G Router,Male,2,Fair,58,25GB Monthly Plan,9000,13,117000,155.53,Yes,Churn,Fast Data Consumption
CUST0359,Omamuzo Juarez,25-Mar,58,Oyo,4G Router,Female,2,Fair,53,165GB Monthly Plan,35000,16,560000,36.1,No,Active,
CUST0359,Omamuzo Juarez,25-Mar,58,Oyo,5G Broadband Router,Female,2,Fair,53,150GB FUP Monthly Unlimited,20000,14,280000,29.2,No,Active,
CUST0360,Fatima Webb,25-Jan,29,Nasarawa,Mobile SIM Card,Female,1,Poor,7,12.5GB Monthly Plan,5500,1,5500,30.2,Yes,Churn,High Call Tarriffs
CUST0360,Fatima Webb,25-Jan,29,Nasarawa,Broadband MiFi,Female,1,Poor,7,30GB Monthly Broadband Plan,9000,9,81000,133.09,Yes,Churn,High Call Tarriffs
CUST0361,Obinna Andrews,25-Feb,58,Kebbi,Broadband MiFi,Male,4,Very Good,33,30GB Monthly Broadband Plan,9000,16,144000,77.19,No,Active,
CUST0361,Obinna Andrews,25-Feb,58,Kebbi,5G Broadband Router,Male,4,Very Good,33,150GB FUP Monthly Unlimited,20000,12,240000,113.67,No,Active,
CUST0361,Obinna Andrews,25-Feb,58,Kebbi,Mobile SIM Card,Male,4,Very Good,33,7GB Monthly Plan,3500,13,45500,136.53,No,Active,
CUST0362,Sade Donaldson,25-Feb,27,Gombe,Broadband MiFi,Female,3,Good,6,60GB Monthly Broadband Plan,14500,10,145000,132.32,No,Active,
CUST0363,Omamuzo Alexander,25-Feb,29,Ekiti,4G Router,Female,2,Fair,6,165GB Monthly Plan,35000,18,630000,78.06,Yes,Churn,Poor Customer Service
CUST0364,Maryam Harmon,25-Jan,79,Adamawa,Broadband MiFi,Female,3,Good,2,150GB FUP Monthly Unlimited,20000,17,340000,161.52,Yes,Churn,Better Offers from Competitors
CUST0364,Maryam Harmon,25-Jan,79,Adamawa,4G Router,Female,3,Good,2,165GB Monthly Plan,35000,18,630000,188.05,Yes,Churn,Better Offers from Competitors
CUST0364,Maryam Harmon,25-Jan,79,Adamawa,Mobile SIM Card,Female,3,Good,2,1.5GB 2-Day Plan,600,8,4800,148.34,Yes,Churn,Better Offers from Competitors
CUST0365,Kunle Myers,25-Jan,20,Plateau,Broadband MiFi,Female,4,Very Good,42,30GB Monthly Broadband Plan,9000,2,18000,34.86,No,Active,
CUST0365,Kunle Myers,25-Jan,20,Plateau,Mobile SIM Card,Female,4,Very Good,42,1GB+1.5mins Daily Plan,500,4,2000,164.24,No,Active,
CUST0365,Kunle Myers,25-Jan,20,Plateau,5G Broadband Router,Female,4,Very Good,42,1.5TB Yearly Broadband Plan,150000,19,2850000,122.44,No,Active,
CUST0366,Kunle Brady,25-Feb,29,Delta,5G Broadband Router,Female,1,Poor,39,450GB 3-Month Broadband Plan,75000,19,1425000,65.18,No,Active,
CUST0366,Kunle Brady,25-Feb,29,Delta,Mobile SIM Card,Female,1,Poor,39,16.5GB+10mins Monthly Plan,6500,7,45500,27.9,No,Active,
CUST0367,Bola Carpenter,25-Mar,38,Bayelsa,5G Broadband Router,Male,2,Fair,8,300GB FUP Monthly Unlimited,30000,19,570000,88.01,No,Active,
CUST0368,Bola Meadows,25-Feb,33,Anambra,Broadband MiFi,Female,1,Poor,50,30GB Monthly Broadband Plan,9000,3,27000,36.29,No,Active,
CUST0369,Abubakar Rodriguez,25-Feb,69,Taraba,4G Router,Male,3,Good,14,65GB Monthly Plan,16000,16,256000,119.46,No,Active,
CUST0369,Abubakar Rodriguez,25-Feb,69,Taraba,Broadband MiFi,Male,3,Good,14,120GB Monthly Broadband Plan,24000,10,240000,190.08,No,Active,
CUST0370,Oghene Bush,25-Jan,69,Lagos,5G Broadband Router,Male,5,Excellent,13,1.5TB Yearly Broadband Plan,150000,7,1050000,154.18,No,Active,
CUST0370,Oghene Bush,25-Jan,69,Lagos,Mobile SIM Card,Male,5,Excellent,13,1GB+1.5mins Daily Plan,500,4,2000,11.09,No,Active,
CUST0370,Oghene Bush,25-Jan,69,Lagos,Broadband MiFi,Male,5,Excellent,13,150GB FUP Monthly Unlimited,20000,16,320000,137.21,No,Active,
CUST0371,Grace Wilkerson,25-Mar,38,Abuja (FCT),Mobile SIM Card,Male,3,Good,4,3.2GB 2-Day Plan,1000,18,18000,148.21,Yes,Churn,Costly Data Plans
CUST0371,Grace Wilkerson,25-Mar,38,Abuja (FCT),Broadband MiFi,Male,3,Good,4,150GB FUP Monthly Unlimited,20000,1,20000,32.03,Yes,Churn,Costly Data Plans
CUST0372,Grace Salas,25-Feb,30,Kaduna,4G Router,Male,5,Excellent,47,25GB Monthly Plan,9000,4,36000,46.4,No,Active,
CUST0372,Grace Salas,25-Feb,30,Kaduna,5G Broadband Router,Male,5,Excellent,47,200GB Monthly Broadband Plan,25000,8,200000,45.94,No,Active,
CUST0373,Ibim Adams,25-Feb,41,Jigawa,4G Router,Male,5,Excellent,5,165GB Monthly Plan,35000,12,420000,36.02,No,Active,
CUST0373,Ibim Adams,25-Feb,41,Jigawa,Broadband MiFi,Male,5,Excellent,5,150GB FUP Monthly Unlimited,20000,7,140000,91.82,No,Active,
CUST0374,Oghene Oliver,25-Jan,50,Benue,Mobile SIM Card,Female,5,Excellent,9,12.5GB Monthly Plan,5500,11,60500,83.94,Yes,Churn,Poor Customer Service
CUST0375,Nura Oconnell,25-Feb,53,Abuja (FCT),Mobile SIM Card,Male,1,Poor,37,12.5GB Monthly Plan,5500,14,77000,56.19,No,Active,
CUST0375,Nura Oconnell,25-Feb,53,Abuja (FCT),Broadband MiFi,Male,1,Poor,37,150GB FUP Monthly Unlimited,20000,14,280000,49.94,No,Active,
CUST0375,Nura Oconnell,25-Feb,53,Abuja (FCT),4G Router,Male,1,Poor,37,10GB+10mins Monthly Plan,4500,19,85500,178.42,No,Active,
CUST0376,Obinna Miller,25-Feb,16,Kogi,Mobile SIM Card,Male,5,Excellent,3,3.2GB 2-Day Plan,1000,8,8000,90.76,Yes,Churn,Relocation
CUST0377,Chinedu Christian,25-Mar,17,Kogi,Mobile SIM Card,Male,3,Good,9,1GB+1.5mins Daily Plan,500,15,7500,32.78,Yes,Churn,Poor Network
CUST0378,Funke Carlson,25-Feb,74,Sokoto,Mobile SIM Card,Male,2,Fair,56,2.5GB 2-Day Plan,900,3,2700,172.15,No,Active,
CUST0378,Funke Carlson,25-Feb,74,Sokoto,5G Broadband Router,Male,2,Fair,56,450GB 3-Month Broadband Plan,75000,11,825000,178.74,No,Active,
CUST0379,Sarah Woods,25-Mar,20,Cross River,Broadband MiFi,Female,5,Excellent,49,120GB Monthly Broadband Plan,24000,2,48000,176.23,No,Active,
CUST0380,Michael Jacobs,25-Mar,62,Oyo,5G Broadband Router,Male,4,Very Good,25,150GB FUP Monthly Unlimited,20000,7,140000,112.37,No,Active,
CUST0380,Michael Jacobs,25-Mar,62,Oyo,Broadband MiFi,Male,4,Very Good,25,150GB FUP Monthly Unlimited,20000,8,160000,196.26,No,Active,
CUST0381,David Murphy,25-Feb,30,Taraba,Mobile SIM Card,Male,3,Good,49,2.5GB 2-Day Plan,900,12,10800,13.14,No,Active,
CUST0381,David Murphy,25-Feb,30,Taraba,4G Router,Male,3,Good,49,165GB Monthly Plan,35000,17,595000,97.5,No,Active,
CUST0382,Ifeanyi Cooper,25-Mar,76,Adamawa,Broadband MiFi,Female,1,Poor,29,60GB Monthly Broadband Plan,14500,10,145000,179.64,Yes,Churn,Fast Data Consumption
CUST0383,Kunle Manning,25-Feb,29,Abuja (FCT),Broadband MiFi,Female,4,Very Good,8,120GB Monthly Broadband Plan,24000,16,384000,186.38,Yes,Churn,Poor Customer Service
CUST0383,Kunle Manning,25-Feb,29,Abuja (FCT),4G Router,Female,4,Very Good,8,25GB Monthly Plan,9000,1,9000,84.32,Yes,Churn,Poor Customer Service
CUST0383,Kunle Manning,25-Feb,29,Abuja (FCT),5G Broadband Router,Female,4,Very Good,8,120GB Monthly Broadband Plan,24000,1,24000,38.22,Yes,Churn,Poor Customer Service
CUST0384,Nura Rodriguez,25-Mar,58,Kogi,Mobile SIM Card,Female,4,Very Good,42,1.5GB 2-Day Plan,600,10,6000,179.71,No,Active,
CUST0384,Nura Rodriguez,25-Mar,58,Kogi,4G Router,Female,4,Very Good,42,10GB+10mins Monthly Plan,4500,8,36000,157.96,No,Active,
CUST0384,Nura Rodriguez,25-Mar,58,Kogi,5G Broadband Router,Female,4,Very Good,42,1.5TB Yearly Broadband Plan,150000,10,1500000,74.69,No,Active,
CUST0385,Sade George,25-Feb,34,Ekiti,5G Broadband Router,Female,5,Excellent,30,300GB FUP Monthly Unlimited,30000,4,120000,32.67,No,Active,
CUST0385,Sade George,25-Feb,34,Ekiti,Broadband MiFi,Female,5,Excellent,30,30GB Monthly Broadband Plan,9000,19,171000,198.76,No,Active,
CUST0385,Sade George,25-Feb,34,Ekiti,Mobile SIM Card,Female,5,Excellent,30,1.5GB 2-Day Plan,600,12,7200,88.46,No,Active,
CUST0386,Shehu Torres,25-Feb,42,Rivers,5G Broadband Router,Female,3,Good,23,150GB FUP Monthly Unlimited,20000,13,260000,184.13,No,Active,
CUST0387,Grace Walsh,25-Jan,34,Sokoto,5G Broadband Router,Female,5,Excellent,10,120GB Monthly Broadband Plan,24000,19,456000,193.94,No,Active,
CUST0387,Grace Walsh,25-Jan,34,Sokoto,4G Router,Female,5,Excellent,10,10GB+10mins Monthly Plan,4500,15,67500,160.02,No,Active,
CUST0388,Tega Cervantes,25-Jan,30,Taraba,Mobile SIM Card,Male,3,Good,9,7GB Monthly Plan,3500,2,7000,18.95,Yes,Churn,Relocation
CUST0389,Bala Dunn,25-Jan,44,Akwa Ibom,Broadband MiFi,Male,5,Excellent,2,150GB FUP Monthly Unlimited,20000,20,400000,98.35,No,Active,
CUST0389,Bala Dunn,25-Jan,44,Akwa Ibom,5G Broadband Router,Male,5,Excellent,2,30GB Monthly Broadband Plan,9000,12,108000,181.74,No,Active,
CUST0389,Bala Dunn,25-Jan,44,Akwa Ibom,4G Router,Male,5,Excellent,2,165GB Monthly Plan,35000,14,490000,30.02,No,Active,
CUST0390,Ejiro Gonzalez,25-Mar,65,Gombe,Broadband MiFi,Male,3,Good,19,60GB Monthly Broadband Plan,14500,14,203000,148.43,No,Active,
CUST0390,Ejiro Gonzalez,25-Mar,65,Gombe,Mobile SIM Card,Male,3,Good,19,12.5GB Monthly Plan,5500,14,77000,58.08,No,Active,
CUST0391,Ibim Schwartz,25-Mar,33,Katsina,5G Broadband Router,Male,4,Very Good,14,150GB FUP Monthly Unlimited,20000,9,180000,1.82,No,Active,
CUST0391,Ibim Schwartz,25-Mar,33,Katsina,Broadband MiFi,Male,4,Very Good,14,60GB Monthly Broadband Plan,14500,15,217500,35.39,No,Active,
CUST0391,Ibim Schwartz,25-Mar,33,Katsina,4G Router,Male,4,Very Good,14,10GB+10mins Monthly Plan,4500,13,58500,40.25,No,Active,
CUST0392,Abubakar Hayes,25-Mar,78,Rivers,4G Router,Female,4,Very Good,54,65GB Monthly Plan,16000,10,160000,31.23,No,Active,
CUST0392,Abubakar Hayes,25-Mar,78,Rivers,Broadband MiFi,Female,4,Very Good,54,60GB Monthly Broadband Plan,14500,10,145000,25.27,No,Active,
CUST0393,Ibim Ballard,25-Jan,38,Yobe,5G Broadband Router,Male,3,Good,2,1.5TB Yearly Broadband Plan,150000,9,1350000,113.33,No,Active,
CUST0394,John Nielsen,25-Mar,31,Gombe,5G Broadband Router,Male,2,Fair,55,1.5TB Yearly Broadband Plan,150000,5,750000,175.72,No,Active,
CUST0395,Oghene Pacheco,25-Feb,36,Oyo,Broadband MiFi,Female,3,Good,24,150GB FUP Monthly Unlimited,20000,20,400000,153.06,Yes,Churn,Costly Data Plans
CUST0395,Oghene Pacheco,25-Feb,36,Oyo,5G Broadband Router,Female,3,Good,24,300GB FUP Monthly Unlimited,30000,11,330000,108.97,Yes,Churn,Costly Data Plans
CUST0395,Oghene Pacheco,25-Feb,36,Oyo,Mobile SIM Card,Female,3,Good,24,1GB+1.5mins Daily Plan,500,12,6000,54.66,Yes,Churn,Costly Data Plans
CUST0396,Ngozi Johnson,25-Mar,61,Plateau,5G Broadband Router,Male,3,Good,9,150GB FUP Monthly Unlimited,20000,17,340000,43.97,No,Active,
CUST0396,Ngozi Johnson,25-Mar,61,Plateau,Broadband MiFi,Male,3,Good,9,150GB FUP Monthly Unlimited,20000,18,360000,166.4,No,Active,
CUST0397,Sarah Perry,25-Jan,30,Kogi,Mobile SIM Card,Female,1,Poor,59,7GB Monthly Plan,3500,12,42000,62.66,No,Active,
CUST0398,Amaka Shannon,25-Mar,72,Bauchi,4G Router,Female,1,Poor,12,10GB+10mins Monthly Plan,4500,5,22500,171.43,No,Active,
CUST0399,Nura Delgado,25-Jan,55,Borno,Broadband MiFi,Male,4,Very Good,9,30GB Monthly Broadband Plan,9000,14,126000,155.05,No,Active,
CUST0400,Bola Vincent,25-Jan,41,Anambra,Broadband MiFi,Male,4,Very Good,51,300GB FUP Monthly Unlimited,30000,4,120000,133.68,Yes,Churn,Costly Data Plans
CUST0401,Ifeanyi Adkins,25-Mar,42,Benue,5G Broadband Router,Male,1,Poor,43,200GB Monthly Broadband Plan,25000,17,425000,32.53,Yes,Churn,Better Offers from Competitors
CUST0401,Ifeanyi Adkins,25-Mar,42,Benue,Mobile SIM Card,Male,1,Poor,43,500MB Daily Plan,350,3,1050,101.23,Yes,Churn,Better Offers from Competitors
CUST0401,Ifeanyi Adkins,25-Mar,42,Benue,4G Router,Male,1,Poor,43,65GB Monthly Plan,16000,1,16000,164.01,Yes,Churn,Better Offers from Competitors
CUST0402,Sarah Oconnor,25-Jan,43,Benue,Mobile SIM Card,Female,1,Poor,11,12.5GB Monthly Plan,5500,4,22000,134.87,No,Active,
CUST0402,Sarah Oconnor,25-Jan,43,Benue,4G Router,Female,1,Poor,11,10GB+10mins Monthly Plan,4500,13,58500,167.03,No,Active,
CUST0402,Sarah Oconnor,25-Jan,43,Benue,Broadband MiFi,Female,1,Poor,11,60GB Monthly Broadband Plan,14500,8,116000,43.25,No,Active,
CUST0403,Ibim Soto,25-Jan,30,Niger,5G Broadband Router,Male,5,Excellent,30,30GB Monthly Broadband Plan,9000,16,144000,16.91,Yes,Churn,Better Offers from Competitors
CUST0403,Ibim Soto,25-Jan,30,Niger,Mobile SIM Card,Male,5,Excellent,30,3.2GB 2-Day Plan,1000,15,15000,77.26,Yes,Churn,Better Offers from Competitors
CUST0404,Maryam Buck,25-Feb,72,Osun,5G Broadband Router,Female,2,Fair,19,30GB Monthly Broadband Plan,9000,16,144000,199.75,No,Active,
CUST0404,Maryam Buck,25-Feb,72,Osun,Broadband MiFi,Female,2,Fair,19,30GB Monthly Broadband Plan,9000,17,153000,79.58,No,Active,
CUST0405,Chinedu Brown,25-Jan,31,Plateau,4G Router,Female,2,Fair,26,165GB Monthly Plan,35000,14,490000,24.99,Yes,Churn,Poor Customer Service
CUST0405,Chinedu Brown,25-Jan,31,Plateau,5G Broadband Router,Female,2,Fair,26,1.5TB Yearly Broadband Plan,150000,19,2850000,56.06,Yes,Churn,Poor Customer Service
CUST0406,Zainab Soto,25-Feb,67,Ekiti,Mobile SIM Card,Female,4,Very Good,43,3.2GB 2-Day Plan,1000,16,16000,24.88,No,Active,
CUST0407,Grace Thompson,25-Jan,45,Borno,4G Router,Male,1,Poor,7,165GB Monthly Plan,35000,11,385000,121.11,No,Active,
CUST0408,Obinna Daniels,25-Feb,54,Anambra,Mobile SIM Card,Male,4,Very Good,43,1GB+1.5mins Daily Plan,500,18,9000,108.72,Yes,Churn,High Call Tarriffs
CUST0408,Obinna Daniels,25-Feb,54,Anambra,5G Broadband Router,Male,4,Very Good,43,30GB Monthly Broadband Plan,9000,2,18000,190.54,Yes,Churn,High Call Tarriffs
CUST0409,Boma Burns,25-Feb,31,Jigawa,4G Router,Female,4,Very Good,21,25GB Monthly Plan,9000,6,54000,177,No,Active,
CUST0410,Grace Snyder,25-Feb,71,Borno,Mobile SIM Card,Female,4,Very Good,46,12.5GB Monthly Plan,5500,6,33000,112.67,No,Active,
CUST0410,Grace Snyder,25-Feb,71,Borno,5G Broadband Router,Female,4,Very Good,46,30GB Monthly Broadband Plan,9000,16,144000,78.58,No,Active,
CUST0410,Grace Snyder,25-Feb,71,Borno,4G Router,Female,4,Very Good,46,165GB Monthly Plan,35000,12,420000,123.58,No,Active,
CUST0411,Abubakar Lane,25-Jan,57,Oyo,Broadband MiFi,Male,2,Fair,38,300GB FUP Monthly Unlimited,30000,14,420000,76.42,No,Active,
CUST0411,Abubakar Lane,25-Jan,57,Oyo,5G Broadband Router,Male,2,Fair,38,200GB Monthly Broadband Plan,25000,14,350000,198.39,No,Active,
CUST0412,Oghene Bartlett,25-Mar,23,Imo,5G Broadband Router,Male,5,Excellent,16,150GB FUP Monthly Unlimited,20000,1,20000,67.85,Yes,Churn,High Call Tarriffs
CUST0413,David Giles,25-Feb,57,Rivers,5G Broadband Router,Female,5,Excellent,43,1.5TB Yearly Broadband Plan,150000,11,1650000,117.8,No,Active,
CUST0413,David Giles,25-Feb,57,Rivers,Broadband MiFi,Female,5,Excellent,43,60GB Monthly Broadband Plan,14500,11,159500,114.29,No,Active,
CUST0414,Ngozi Williams,25-Feb,78,Anambra,5G Broadband Router,Male,5,Excellent,22,200GB Monthly Broadband Plan,25000,7,175000,193.9,No,Active,
CUST0414,Ngozi Williams,25-Feb,78,Anambra,Broadband MiFi,Male,5,Excellent,22,60GB Monthly Broadband Plan,14500,3,43500,127.27,No,Active,
CUST0414,Ngozi Williams,25-Feb,78,Anambra,4G Router,Male,5,Excellent,22,10GB+10mins Monthly Plan,4500,2,9000,57.83,No,Active,
CUST0415,Maryam Anthony,25-Jan,67,Osun,Mobile SIM Card,Male,5,Excellent,46,20GB Monthly Plan,7500,3,22500,42.34,No,Active,
CUST0416,Maryam Blankenship,25-Mar,80,Abia,Mobile SIM Card,Female,2,Fair,43,16.5GB+10mins Monthly Plan,6500,1,6500,36.53,No,Active,
CUST0416,Maryam Blankenship,25-Mar,80,Abia,5G Broadband Router,Female,2,Fair,43,300GB FUP Monthly Unlimited,30000,7,210000,115.58,No,Active,
CUST0417,Zina Hernandez,25-Jan,50,Adamawa,4G Router,Female,5,Excellent,60,10GB+10mins Monthly Plan,4500,10,45000,149.41,Yes,Churn,Fast Data Consumption
CUST0418,Boma Johnson,25-Feb,68,Niger,4G Router,Male,4,Very Good,41,165GB Monthly Plan,35000,5,175000,48.08,Yes,Churn,Costly Data Plans
CUST0418,Boma Johnson,25-Feb,68,Niger,Mobile SIM Card,Male,4,Very Good,41,500MB Daily Plan,350,10,3500,6.03,Yes,Churn,Costly Data Plans
CUST0418,Boma Johnson,25-Feb,68,Niger,Broadband MiFi,Male,4,Very Good,41,60GB Monthly Broadband Plan,14500,14,203000,97.33,Yes,Churn,Costly Data Plans
CUST0419,Boma Sanchez,25-Feb,20,Benue,4G Router,Male,1,Poor,18,65GB Monthly Plan,16000,16,256000,192.78,Yes,Churn,Better Offers from Competitors
CUST0419,Boma Sanchez,25-Feb,20,Benue,5G Broadband Router,Male,1,Poor,18,30GB Monthly Broadband Plan,9000,3,27000,11.54,Yes,Churn,Better Offers from Competitors
CUST0420,Ese Miller,25-Mar,54,Kaduna,4G Router,Female,1,Poor,58,65GB Monthly Plan,16000,19,304000,104.63,No,Active,
CUST0420,Ese Miller,25-Mar,54,Kaduna,Broadband MiFi,Female,1,Poor,58,120GB Monthly Broadband Plan,24000,3,72000,50.74,No,Active,
CUST0420,Ese Miller,25-Mar,54,Kaduna,5G Broadband Router,Female,1,Poor,58,60GB Monthly Broadband Plan,14500,11,159500,120.16,No,Active,
CUST0421,Tega Stokes,25-Feb,65,Imo,Mobile SIM Card,Female,1,Poor,14,2.5GB 2-Day Plan,900,12,10800,98.33,Yes,Churn,Costly Data Plans
CUST0421,Tega Stokes,25-Feb,65,Imo,4G Router,Female,1,Poor,14,65GB Monthly Plan,16000,14,224000,63.64,Yes,Churn,Costly Data Plans
CUST0422,John Smith,25-Feb,47,Akwa Ibom,Broadband MiFi,Male,3,Good,24,30GB Monthly Broadband Plan,9000,8,72000,138.29,No,Active,
CUST0423,Saidu Smith,25-Jan,65,Abia,Mobile SIM Card,Female,5,Excellent,58,20GB Monthly Plan,7500,9,67500,185.54,No,Active,
CUST0423,Saidu Smith,25-Jan,65,Abia,Broadband MiFi,Female,5,Excellent,58,300GB FUP Monthly Unlimited,30000,8,240000,18.5,No,Active,
CUST0424,Maryam Becker,25-Mar,42,Abuja (FCT),Broadband MiFi,Female,4,Very Good,41,60GB Monthly Broadband Plan,14500,11,159500,147.52,No,Active,
CUST0424,Maryam Becker,25-Mar,42,Abuja (FCT),4G Router,Female,4,Very Good,41,165GB Monthly Plan,35000,4,140000,175.41,No,Active,
CUST0425,Amina Ortega,25-Feb,49,Zamfara,5G Broadband Router,Male,5,Excellent,23,30GB Monthly Broadband Plan,9000,6,54000,128.45,No,Active,
CUST0425,Amina Ortega,25-Feb,49,Zamfara,4G Router,Male,5,Excellent,23,165GB Monthly Plan,35000,5,175000,158.31,No,Active,
CUST0425,Amina Ortega,25-Feb,49,Zamfara,Broadband MiFi,Male,5,Excellent,23,30GB Monthly Broadband Plan,9000,10,90000,80.43,No,Active,
CUST0426,Ese Mathis,25-Feb,26,Delta,Mobile SIM Card,Male,5,Excellent,16,1.5GB 2-Day Plan,600,19,11400,52.51,No,Active,
CUST0426,Ese Mathis,25-Feb,26,Delta,4G Router,Male,5,Excellent,16,25GB Monthly Plan,9000,7,63000,160.01,No,Active,
CUST0427,Chinedu West,25-Feb,69,Gombe,4G Router,Male,5,Excellent,26,10GB+10mins Monthly Plan,4500,6,27000,52.73,Yes,Churn,Poor Network
CUST0427,Chinedu West,25-Feb,69,Gombe,Broadband MiFi,Male,5,Excellent,26,30GB Monthly Broadband Plan,9000,14,126000,80.51,Yes,Churn,Poor Network
CUST0427,Chinedu West,25-Feb,69,Gombe,Mobile SIM Card,Male,5,Excellent,26,1GB+1.5mins Daily Plan,500,12,6000,30.28,Yes,Churn,Poor Network
CUST0428,Amina Skinner,25-Feb,31,Lagos,4G Router,Female,4,Very Good,50,25GB Monthly Plan,9000,16,144000,57.95,Yes,Churn,High Call Tarriffs
CUST0429,Omamuzo Smith,25-Feb,32,Kwara,Mobile SIM Card,Male,3,Good,39,1.5GB 2-Day Plan,600,5,3000,82,No,Active,
CUST0430,Funke Lawson,25-Feb,53,Edo,Mobile SIM Card,Male,2,Fair,40,12.5GB Monthly Plan,5500,11,60500,27.07,No,Active,
CUST0430,Funke Lawson,25-Feb,53,Edo,Broadband MiFi,Male,2,Fair,40,60GB Monthly Broadband Plan,14500,13,188500,137.53,No,Active,
CUST0430,Funke Lawson,25-Feb,53,Edo,5G Broadband Router,Male,2,Fair,40,450GB 3-Month Broadband Plan,75000,9,675000,147.35,No,Active,
CUST0431,Kunle Cooper,25-Feb,28,Oyo,Broadband MiFi,Male,4,Very Good,22,120GB Monthly Broadband Plan,24000,10,240000,124.12,No,Active,
CUST0431,Kunle Cooper,25-Feb,28,Oyo,Mobile SIM Card,Male,4,Very Good,22,20GB Monthly Plan,7500,5,37500,134.42,No,Active,
CUST0431,Kunle Cooper,25-Feb,28,Oyo,4G Router,Male,4,Very Good,22,65GB Monthly Plan,16000,9,144000,116.31,No,Active,
CUST0432,Amina Espinoza,25-Jan,80,Yobe,Mobile SIM Card,Female,2,Fair,57,3.2GB 2-Day Plan,1000,5,5000,63,Yes,Churn,High Call Tarriffs
CUST0432,Amina Espinoza,25-Jan,80,Yobe,Broadband MiFi,Female,2,Fair,57,60GB Monthly Broadband Plan,14500,9,130500,174.4,Yes,Churn,High Call Tarriffs
CUST0432,Amina Espinoza,25-Jan,80,Yobe,4G Router,Female,2,Fair,57,25GB Monthly Plan,9000,10,90000,185.28,Yes,Churn,High Call Tarriffs
CUST0433,Saidu Whitehead,25-Feb,49,Bauchi,4G Router,Female,3,Good,28,165GB Monthly Plan,35000,5,175000,11.12,No,Active,
CUST0433,Saidu Whitehead,25-Feb,49,Bauchi,5G Broadband Router,Female,3,Good,28,30GB Monthly Broadband Plan,9000,2,18000,46.36,No,Active,
CUST0434,John Williams,25-Jan,49,Abuja (FCT),Mobile SIM Card,Female,4,Very Good,28,3.2GB 2-Day Plan,1000,5,5000,169.24,Yes,Churn,Costly Data Plans
CUST0434,John Williams,25-Jan,49,Abuja (FCT),4G Router,Female,4,Very Good,28,65GB Monthly Plan,16000,7,112000,70.25,Yes,Churn,Costly Data Plans
CUST0434,John Williams,25-Jan,49,Abuja (FCT),5G Broadband Router,Female,4,Very Good,28,120GB Monthly Broadband Plan,24000,6,144000,36.54,Yes,Churn,Costly Data Plans
CUST0435,Michael Santana,25-Feb,50,Ondo,Mobile SIM Card,Male,4,Very Good,34,3.2GB 2-Day Plan,1000,1,1000,177.53,No,Active,
CUST0436,Abubakar Bullock,25-Jan,31,Kebbi,Mobile SIM Card,Female,3,Good,38,1GB+1.5mins Daily Plan,500,1,500,119.04,Yes,Churn,Poor Network
CUST0436,Abubakar Bullock,25-Jan,31,Kebbi,4G Router,Female,3,Good,38,25GB Monthly Plan,9000,20,180000,193.97,Yes,Churn,Poor Network
CUST0437,Alabo Young,25-Jan,57,Borno,Broadband MiFi,Male,3,Good,56,120GB Monthly Broadband Plan,24000,13,312000,190.4,No,Active,
CUST0438,Chinedu Ramos,25-Jan,67,Edo,Mobile SIM Card,Male,1,Poor,16,20GB Monthly Plan,7500,5,37500,57.34,Yes,Churn,Poor Customer Service
CUST0439,Ifeanyi Zimmerman,25-Mar,54,Yobe,5G Broadband Router,Female,5,Excellent,48,60GB Monthly Broadband Plan,14500,13,188500,98.18,Yes,Churn,High Call Tarriffs
CUST0440,John Carter,25-Jan,50,Kwara,Mobile SIM Card,Male,3,Good,49,2.5GB 2-Day Plan,900,15,13500,102.91,No,Active,
CUST0440,John Carter,25-Jan,50,Kwara,Broadband MiFi,Male,3,Good,49,150GB FUP Monthly Unlimited,20000,5,100000,129.7,No,Active,
CUST0441,Grace Williams,25-Jan,26,Cross River,5G Broadband Router,Female,4,Very Good,28,60GB Monthly Broadband Plan,14500,10,145000,104.86,No,Active,
CUST0442,Sade Johnson,25-Jan,25,Rivers,5G Broadband Router,Male,4,Very Good,33,150GB FUP Monthly Unlimited,20000,1,20000,153.85,Yes,Churn,High Call Tarriffs
CUST0442,Sade Johnson,25-Jan,25,Rivers,4G Router,Male,4,Very Good,33,65GB Monthly Plan,16000,15,240000,148.23,Yes,Churn,High Call Tarriffs
CUST0442,Sade Johnson,25-Jan,25,Rivers,Mobile SIM Card,Male,4,Very Good,33,1.5GB 2-Day Plan,600,13,7800,157.34,Yes,Churn,High Call Tarriffs
CUST0443,Bola Wright,25-Jan,26,Kogi,5G Broadband Router,Female,4,Very Good,21,60GB Monthly Broadband Plan,14500,20,290000,37.42,No,Active,
CUST0443,Bola Wright,25-Jan,26,Kogi,Broadband MiFi,Female,4,Very Good,21,300GB FUP Monthly Unlimited,30000,4,120000,174.39,No,Active,
CUST0444,Boma Shah,25-Jan,18,Lagos,Mobile SIM Card,Female,2,Fair,8,16.5GB+10mins Monthly Plan,6500,20,130000,60.91,No,Active,
CUST0445,Ejiro Wagner,25-Feb,66,Abia,4G Router,Male,1,Poor,9,65GB Monthly Plan,16000,5,80000,42.24,Yes,Churn,Better Offers from Competitors
CUST0446,Halima Lambert,25-Mar,71,Adamawa,Broadband MiFi,Male,4,Very Good,6,150GB FUP Monthly Unlimited,20000,15,300000,180.53,Yes,Churn,Fast Data Consumption
CUST0447,Grace Hudson,25-Feb,76,Kano,Broadband MiFi,Female,2,Fair,38,30GB Monthly Broadband Plan,9000,14,126000,20.98,Yes,Churn,Better Offers from Competitors
CUST0447,Grace Hudson,25-Feb,76,Kano,4G Router,Female,2,Fair,38,165GB Monthly Plan,35000,19,665000,169.8,Yes,Churn,Better Offers from Competitors
CUST0448,Abubakar Ryan,25-Jan,20,Yobe,Broadband MiFi,Female,2,Fair,32,120GB Monthly Broadband Plan,24000,14,336000,13.17,No,Active,
CUST0448,Abubakar Ryan,25-Jan,20,Yobe,4G Router,Female,2,Fair,32,165GB Monthly Plan,35000,20,700000,23.83,No,Active,
CUST0448,Abubakar Ryan,25-Jan,20,Yobe,5G Broadband Router,Female,2,Fair,32,200GB Monthly Broadband Plan,25000,14,350000,89.94,No,Active,
CUST0449,Funke Chung,25-Mar,36,Cross River,5G Broadband Router,Male,4,Very Good,31,300GB FUP Monthly Unlimited,30000,13,390000,176.69,Yes,Churn,Poor Customer Service
CUST0449,Funke Chung,25-Mar,36,Cross River,Mobile SIM Card,Male,4,Very Good,31,20GB Monthly Plan,7500,12,90000,166.7,Yes,Churn,Poor Customer Service
CUST0449,Funke Chung,25-Mar,36,Cross River,4G Router,Male,4,Very Good,31,165GB Monthly Plan,35000,6,210000,160.05,Yes,Churn,Poor Customer Service
CUST0450,Fatima Curtis,25-Feb,52,Katsina,Mobile SIM Card,Female,2,Fair,9,12.5GB Monthly Plan,5500,7,38500,61.08,Yes,Churn,Fast Data Consumption
CUST0451,Sade Baker,25-Feb,18,Ekiti,Mobile SIM Card,Female,2,Fair,23,12.5GB Monthly Plan,5500,8,44000,23.24,No,Active,
CUST0451,Sade Baker,25-Feb,18,Ekiti,4G Router,Female,2,Fair,23,10GB+10mins Monthly Plan,4500,16,72000,112.62,No,Active,
CUST0452,Saidu Jackson,25-Mar,59,Ekiti,Broadband MiFi,Male,2,Fair,50,60GB Monthly Broadband Plan,14500,4,58000,159.9,No,Active,
CUST0452,Saidu Jackson,25-Mar,59,Ekiti,5G Broadband Router,Male,2,Fair,50,150GB FUP Monthly Unlimited,20000,20,400000,156.44,No,Active,
CUST0452,Saidu Jackson,25-Mar,59,Ekiti,Mobile SIM Card,Male,2,Fair,50,3.2GB 2-Day Plan,1000,2,2000,164.81,No,Active,
CUST0453,Michael Madden,25-Feb,29,Abuja (FCT),Mobile SIM Card,Male,3,Good,56,3.2GB 2-Day Plan,1000,12,12000,31.28,Yes,Churn,Costly Data Plans
CUST0453,Michael Madden,25-Feb,29,Abuja (FCT),5G Broadband Router,Male,3,Good,56,200GB Monthly Broadband Plan,25000,4,100000,163.92,Yes,Churn,Costly Data Plans
CUST0453,Michael Madden,25-Feb,29,Abuja (FCT),4G Router,Male,3,Good,56,10GB+10mins Monthly Plan,4500,14,63000,88.1,Yes,Churn,Costly Data Plans
CUST0454,Tunde Fuller,25-Feb,47,Taraba,5G Broadband Router,Female,1,Poor,19,60GB Monthly Broadband Plan,14500,17,246500,30.75,Yes,Churn,High Call Tarriffs
CUST0454,Tunde Fuller,25-Feb,47,Taraba,Mobile SIM Card,Female,1,Poor,19,20GB Monthly Plan,7500,5,37500,157.55,Yes,Churn,High Call Tarriffs
CUST0455,Boma Baker,25-Mar,68,Kogi,Broadband MiFi,Female,1,Poor,55,30GB Monthly Broadband Plan,9000,13,117000,67.99,No,Active,
CUST0456,Amina Diaz,25-Jan,71,Oyo,5G Broadband Router,Female,2,Fair,49,450GB 3-Month Broadband Plan,75000,18,1350000,80.7,No,Active,
CUST0457,Maryam Martin,25-Mar,56,Ekiti,Mobile SIM Card,Male,5,Excellent,53,12.5GB Monthly Plan,5500,18,99000,128.95,No,Active,
CUST0458,Alabo Bradley,25-Mar,60,Kebbi,4G Router,Male,1,Poor,57,25GB Monthly Plan,9000,17,153000,43.14,Yes,Churn,Costly Data Plans
CUST0458,Alabo Bradley,25-Mar,60,Kebbi,5G Broadband Router,Male,1,Poor,57,120GB Monthly Broadband Plan,24000,6,144000,104.51,Yes,Churn,Costly Data Plans
CUST0460,Ejiro Martin,25-Jan,49,Zamfara,Broadband MiFi,Female,1,Poor,8,150GB FUP Monthly Unlimited,20000,19,380000,161.17,No,Active,
CUST0460,Ejiro Martin,25-Jan,49,Zamfara,4G Router,Female,1,Poor,8,10GB+10mins Monthly Plan,4500,10,45000,70.39,No,Active,
CUST0460,Ejiro Martin,25-Jan,49,Zamfara,5G Broadband Router,Female,1,Poor,8,300GB FUP Monthly Unlimited,30000,17,510000,143.01,No,Active,
CUST0461,Halima Walker,25-Mar,29,Niger,Mobile SIM Card,Male,4,Very Good,53,3.2GB 2-Day Plan,1000,5,5000,12.91,Yes,Churn,High Call Tarriffs
CUST0461,Halima Walker,25-Mar,29,Niger,Broadband MiFi,Male,4,Very Good,53,60GB Monthly Broadband Plan,14500,3,43500,43.35,Yes,Churn,High Call Tarriffs
CUST0462,Ejiro Brown,25-Mar,67,Bauchi,Mobile SIM Card,Female,5,Excellent,56,12.5GB Monthly Plan,5500,14,77000,146.48,No,Active,
CUST0462,Ejiro Brown,25-Mar,67,Bauchi,5G Broadband Router,Female,5,Excellent,56,300GB FUP Monthly Unlimited,30000,5,150000,29.3,No,Active,
CUST0463,Grace Bell,25-Feb,74,Borno,4G Router,Male,4,Very Good,45,65GB Monthly Plan,16000,14,224000,120.52,No,Active,
CUST0463,Grace Bell,25-Feb,74,Borno,5G Broadband Router,Male,4,Very Good,45,150GB FUP Monthly Unlimited,20000,19,380000,24.61,No,Active,
CUST0463,Grace Bell,25-Feb,74,Borno,Mobile SIM Card,Male,4,Very Good,45,1GB+1.5mins Daily Plan,500,5,2500,8.54,No,Active,
CUST0464,Ifeanyi Smith,25-Mar,63,Abia,Mobile SIM Card,Female,4,Very Good,20,2.5GB 2-Day Plan,900,10,9000,187.4,Yes,Churn,Poor Customer Service
CUST0465,Abubakar Ross,25-Jan,43,Enugu,Mobile SIM Card,Female,5,Excellent,1,12.5GB Monthly Plan,5500,19,104500,114.83,No,Active,
CUST0466,Alabo Escobar,25-Feb,59,Jigawa,Mobile SIM Card,Female,2,Fair,54,12.5GB Monthly Plan,5500,11,60500,30.22,No,Active,
CUST0466,Alabo Escobar,25-Feb,59,Jigawa,5G Broadband Router,Female,2,Fair,54,150GB FUP Monthly Unlimited,20000,20,400000,160.06,No,Active,
CUST0467,Ibim Hunter,25-Jan,65,Osun,Broadband MiFi,Female,4,Very Good,22,120GB Monthly Broadband Plan,24000,10,240000,126.21,No,Active,
CUST0467,Ibim Hunter,25-Jan,65,Osun,Mobile SIM Card,Female,4,Very Good,22,16.5GB+10mins Monthly Plan,6500,18,117000,129.21,No,Active,
CUST0467,Ibim Hunter,25-Jan,65,Osun,5G Broadband Router,Female,4,Very Good,22,150GB FUP Monthly Unlimited,20000,20,400000,38.89,No,Active,
CUST0468,David Boone,25-Jan,22,Bauchi,4G Router,Male,5,Excellent,49,65GB Monthly Plan,16000,7,112000,55.36,No,Active,
CUST0469,Halima Matthews,25-Jan,72,Katsina,5G Broadband Router,Female,4,Very Good,26,450GB 3-Month Broadband Plan,75000,1,75000,36.51,No,Active,
CUST0470,Sarah Gordon,25-Jan,56,Jigawa,4G Router,Female,1,Poor,6,25GB Monthly Plan,9000,5,45000,153.78,No,Active,
CUST0470,Sarah Gordon,25-Jan,56,Jigawa,Broadband MiFi,Female,1,Poor,6,300GB FUP Monthly Unlimited,30000,6,180000,190.46,No,Active,
CUST0471,Sade Wagner,25-Jan,57,Enugu,4G Router,Male,3,Good,46,25GB Monthly Plan,9000,4,36000,51.96,No,Active,
CUST0471,Sade Wagner,25-Jan,57,Enugu,Mobile SIM Card,Male,3,Good,46,2.5GB 2-Day Plan,900,20,18000,40.91,No,Active,
CUST0472,Halima Adams,25-Mar,79,Zamfara,Mobile SIM Card,Female,1,Poor,8,2.5GB 2-Day Plan,900,8,7200,81.8,No,Active,
CUST0472,Halima Adams,25-Mar,79,Zamfara,Broadband MiFi,Female,1,Poor,8,30GB Monthly Broadband Plan,9000,19,171000,54.2,No,Active,
CUST0472,Halima Adams,25-Mar,79,Zamfara,4G Router,Female,1,Poor,8,65GB Monthly Plan,16000,18,288000,49.64,No,Active,
CUST0473,Amaka Jackson,25-Feb,54,Kogi,4G Router,Female,2,Fair,6,165GB Monthly Plan,35000,18,630000,192.29,No,Active,
CUST0474,Alabo Moreno,25-Mar,21,Lagos,5G Broadband Router,Female,2,Fair,54,450GB 3-Month Broadband Plan,75000,7,525000,199.85,Yes,Churn,Fast Data Consumption
CUST0474,Alabo Moreno,25-Mar,21,Lagos,Mobile SIM Card,Female,2,Fair,54,16.5GB+10mins Monthly Plan,6500,6,39000,56.62,Yes,Churn,Fast Data Consumption
CUST0475,David Park,25-Jan,24,Abia,Mobile SIM Card,Male,2,Fair,26,16.5GB+10mins Monthly Plan,6500,11,71500,191.5,No,Active,
CUST0475,David Park,25-Jan,24,Abia,Broadband MiFi,Male,2,Fair,26,300GB FUP Monthly Unlimited,30000,15,450000,127.22,No,Active,
CUST0476,Zainab Lam,25-Jan,47,Niger,4G Router,Female,5,Excellent,14,165GB Monthly Plan,35000,1,35000,1.35,No,Active,
CUST0476,Zainab Lam,25-Jan,47,Niger,5G Broadband Router,Female,5,Excellent,14,300GB FUP Monthly Unlimited,30000,16,480000,82.93,No,Active,
CUST0476,Zainab Lam,25-Jan,47,Niger,Broadband MiFi,Female,5,Excellent,14,60GB Monthly Broadband Plan,14500,3,43500,107.86,No,Active,
CUST0478,Ifeanyi Ballard,25-Jan,75,Gombe,5G Broadband Router,Male,2,Fair,29,150GB FUP Monthly Unlimited,20000,10,200000,163.35,No,Active,
CUST0478,Ifeanyi Ballard,25-Jan,75,Gombe,Broadband MiFi,Male,2,Fair,29,150GB FUP Monthly Unlimited,20000,16,320000,47.23,No,Active,
CUST0479,Ejiro Stewart,25-Feb,20,Akwa Ibom,Mobile SIM Card,Female,1,Poor,58,16.5GB+10mins Monthly Plan,6500,18,117000,99.06,Yes,Churn,Better Offers from Competitors
CUST0479,Ejiro Stewart,25-Feb,20,Akwa Ibom,Broadband MiFi,Female,1,Poor,58,150GB FUP Monthly Unlimited,20000,19,380000,132.14,Yes,Churn,Better Offers from Competitors
CUST0479,Ejiro Stewart,25-Feb,20,Akwa Ibom,4G Router,Female,1,Poor,58,10GB+10mins Monthly Plan,4500,5,22500,13.54,Yes,Churn,Better Offers from Competitors
CUST0480,Kunle Goodwin,25-Mar,32,Edo,5G Broadband Router,Male,2,Fair,57,1.5TB Yearly Broadband Plan,150000,14,2100000,0.89,No,Active,
CUST0481,Sade Reed,25-Jan,57,Kwara,Broadband MiFi,Female,5,Excellent,18,150GB FUP Monthly Unlimited,20000,14,280000,9.87,No,Active,
CUST0481,Sade Reed,25-Jan,57,Kwara,5G Broadband Router,Female,5,Excellent,18,1.5TB Yearly Broadband Plan,150000,13,1950000,63.59,No,Active,
CUST0482,Bala Gibson,25-Feb,58,Katsina,4G Router,Male,4,Very Good,48,10GB+10mins Monthly Plan,4500,3,13500,66.18,No,Active,
CUST0484,Ngozi Chan,25-Jan,76,Imo,Broadband MiFi,Female,3,Good,54,120GB Monthly Broadband Plan,24000,4,96000,124.1,No,Active,
CUST0485,Alabo Anderson,25-Jan,31,Katsina,Broadband MiFi,Male,4,Very Good,59,60GB Monthly Broadband Plan,14500,20,290000,11.43,No,Active,
CUST0485,Alabo Anderson,25-Jan,31,Katsina,Mobile SIM Card,Male,4,Very Good,59,20GB Monthly Plan,7500,2,15000,13.63,No,Active,
CUST0485,Alabo Anderson,25-Jan,31,Katsina,5G Broadband Router,Male,4,Very Good,59,30GB Monthly Broadband Plan,9000,13,117000,59.34,No,Active,
CUST0486,Tamuno Hudson,25-Jan,28,Kogi,Broadband MiFi,Male,4,Very Good,56,30GB Monthly Broadband Plan,9000,11,99000,91.09,No,Active,
CUST0486,Tamuno Hudson,25-Jan,28,Kogi,4G Router,Male,4,Very Good,56,10GB+10mins Monthly Plan,4500,1,4500,22.05,No,Active,
CUST0487,Kunle Gilmore,25-Jan,40,Borno,4G Router,Female,4,Very Good,23,10GB+10mins Monthly Plan,4500,2,9000,159.51,No,Active,
CUST0487,Kunle Gilmore,25-Jan,40,Borno,Broadband MiFi,Female,4,Very Good,23,150GB FUP Monthly Unlimited,20000,14,280000,62.68,No,Active,
CUST0488,Michael Jones,25-Jan,61,Abia,5G Broadband Router,Male,3,Good,10,300GB FUP Monthly Unlimited,30000,17,510000,11.93,No,Active,
CUST0488,Michael Jones,25-Jan,61,Abia,Broadband MiFi,Male,3,Good,10,120GB Monthly Broadband Plan,24000,14,336000,171.81,No,Active,
CUST0489,Oghene Wilson,25-Jan,41,Benue,Mobile SIM Card,Male,3,Good,51,7GB Monthly Plan,3500,14,49000,123.41,Yes,Churn,Fast Data Consumption
CUST0489,Oghene Wilson,25-Jan,41,Benue,5G Broadband Router,Male,3,Good,51,200GB Monthly Broadband Plan,25000,15,375000,32.87,Yes,Churn,Fast Data Consumption
CUST0489,Oghene Wilson,25-Jan,41,Benue,4G Router,Male,3,Good,51,65GB Monthly Plan,16000,1,16000,99.44,Yes,Churn,Fast Data Consumption
CUST0490,Nura Cox,25-Jan,45,Sokoto,4G Router,Male,3,Good,16,10GB+10mins Monthly Plan,4500,1,4500,165.3,No,Active,
CUST0490,Nura Cox,25-Jan,45,Sokoto,Mobile SIM Card,Male,3,Good,16,7GB Monthly Plan,3500,12,42000,2.47,No,Active,
CUST0491,Funke Smith,25-Feb,30,Plateau,Broadband MiFi,Female,5,Excellent,29,150GB FUP Monthly Unlimited,20000,6,120000,39.97,No,Active,
CUST0491,Funke Smith,25-Feb,30,Plateau,Mobile SIM Card,Female,5,Excellent,29,500MB Daily Plan,350,6,2100,177.13,No,Active,
CUST0492,Tega Kim,25-Feb,47,Enugu,4G Router,Male,3,Good,2,165GB Monthly Plan,35000,4,140000,131.15,No,Active,
CUST0493,Tega Fischer,25-Mar,42,Abia,Mobile SIM Card,Female,3,Good,16,3.2GB 2-Day Plan,1000,5,5000,29.31,No,Active,
CUST0493,Tega Fischer,25-Mar,42,Abia,5G Broadband Router,Female,3,Good,16,60GB Monthly Broadband Plan,14500,13,188500,38.74,No,Active,
CUST0493,Tega Fischer,25-Mar,42,Abia,Broadband MiFi,Female,3,Good,16,300GB FUP Monthly Unlimited,30000,14,420000,63.93,No,Active,
CUST0494,Halima Martin,25-Feb,21,Benue,4G Router,Female,3,Good,51,165GB Monthly Plan,35000,3,105000,42.24,Yes,Churn,High Call Tarriffs
CUST0494,Halima Martin,25-Feb,21,Benue,5G Broadband Router,Female,3,Good,51,1.5TB Yearly Broadband Plan,150000,20,3000000,158.3,Yes,Churn,High Call Tarriffs
CUST0495,Kunle Brown,25-Mar,37,Zamfara,5G Broadband Router,Female,4,Very Good,49,200GB Monthly Broadband Plan,25000,16,400000,105.33,No,Active,
CUST0496,Grace Matthews,25-Jan,76,Akwa Ibom,4G Router,Female,2,Fair,41,10GB+10mins Monthly Plan,4500,13,58500,61.55,Yes,Churn,Poor Customer Service
CUST0496,Grace Matthews,25-Jan,76,Akwa Ibom,Mobile SIM Card,Female,2,Fair,41,1.5GB 2-Day Plan,600,12,7200,187.13,Yes,Churn,Poor Customer Service
CUST0497,Saidu Baker,25-Jan,26,Borno,Broadband MiFi,Male,5,Excellent,19,60GB Monthly Broadband Plan,14500,14,203000,90.5,No,Active,
CUST0497,Saidu Baker,25-Jan,26,Borno,4G Router,Male,5,Excellent,19,165GB Monthly Plan,35000,16,560000,73.82,No,Active,
CUST0497,Saidu Baker,25-Jan,26,Borno,5G Broadband Router,Male,5,Excellent,19,200GB Monthly Broadband Plan,25000,1,25000,54.97,No,Active,
CUST0498,Shehu Harris,25-Jan,72,Osun,Broadband MiFi,Female,3,Good,42,150GB FUP Monthly Unlimited,20000,3,60000,20.13,No,Active,
CUST0498,Shehu Harris,25-Jan,72,Osun,4G Router,Female,3,Good,42,25GB Monthly Plan,9000,7,63000,8.14,No,Active,
CUST0499,Tega Hood,25-Mar,41,Bayelsa,5G Broadband Router,Female,2,Fair,20,30GB Monthly Broadband Plan,9000,10,90000,154.13,No,Active,
CUST0500,Oghene Hamilton,25-Feb,67,Kebbi,4G Router,Male,4,Very Good,31,165GB Monthly Plan,35000,15,525000,144.64,Yes,Churn,High Call Tarriffs
CUST0500,Oghene Hamilton,25-Feb,67,Kebbi,Mobile SIM Card,Male,4,Very Good,31,7GB Monthly Plan,3500,11,38500,158.49,Yes,Churn,High Call Tarriffs
CUST0500,Oghene Hamilton,25-Feb,67,Kebbi,Broadband MiFi,Male,4,Very Good,31,150GB FUP Monthly Unlimited,20000,14,280000,86.04,Yes,Churn,High Call Tarriffs
,,,,,,,,,,,,,,,,,
